,text,labels
0,아 더빙 진짜 짜증나네요 목소리,0
1,흠 포스터 보고 초딩영화 오버연기 조차 가볍지 않구나,1
2,너무 재밓었다 그래서 보는 것을 추천한다,0
3,교도소 이야기구먼 솔직히 재미는 없다 평점 조정,0
4,사이몬페그의 익살스런 연기가 돋보였던 영화 스파이더맨에서 늙어보이기만 했던 커스틴 던스트가 너무나도 이뻐보였다,1
5,막 걸음마 뗀 3세부터 초등학교 1학년생인   8살용영화 별반개도 아까움,0
6,원작의 긴장감을 제대로 살려내지못했다,0
7,별 반개도 아깝다 욕나온다 이응경 길용우 연기생활이 몇년인지 정말 발로해도 그것보단 낫겟다 납치 감금만반복반복 이 드라마는 가족도없다 연기못하는 사람만 모엿네,0
8,액션이 없는데도 재미있는 몇안되는 영화,1
9,왜케 평점이 낮은건데 꽤 볼만한데 헐리우드식 화려함에만 너무 길들여져 있나,1
10,걍인피니트가 짱이다 진짜짱이다,1
11,볼때마다 눈물나서 죽겠다 90년대의 향수자극 허진호는 감성절제멜로의 달인이다,1
12,울면서 손들고 횡단보도 건널때 뛰쳐나올뻔 이범수 연기 드럽게못해,0
13,담백하고 깔끔해서 좋다 신문기사로만 보다 보면 자꾸 잊어버린다 그들도 사람이었다는  것을,1
14,취향은 존중한다지만 진짜 내생에 극장에서 본 영화중 가장 노잼 노감동임 스토리도 어거지고 감동도 어거지,0
15,ㄱ냥 매번 긴장되고 재밋음,1
16,참 사람들 웃긴게 바스코가 이기면 락스코라고 까고바비가 이기면 아이돌이라고 깐다 그냥 까고 싶어서 안달난것처럼 보인다,1
17,굿바이 레닌 표절인 것은 이해하는데 왜 뒤로 갈수록 재미없어지냐,0
18,이건 정말 깨알 캐스팅과 질퍽하지않은 산뜻한 내용구성이 잘 버무러진 깨알일드,1
19,약탈자를 위한 변명 이라 저놈들은 착한놈들 절대 아닌걸요,1
20,나름 심오한 뜻도 있는 듯 그냥 학생이 선생과 놀아나는 영화는 절대 아님,1
21,보면서 웃지 않는 건 불가능하다,1
22,재미없다 지루하고 같은 음식 영화인데도 바베트의 만찬하고 넘 차이남 바베트의 만찬은 이야기도 있고 음식 보는재미도 있는데 이건 볼게없다 음식도 별로 안나오고 핀란드 풍경이라도 구경할랫는데 그것도 별로 안나옴,0
23,절대 평범한 영화가 아닌 수작이라는걸 말씀드립니다,1
24,주제는 좋은데 중반부터 지루하다,0
25,다 짤랐을꺼야 그래서 납득할 수 없었던거야 그럴꺼야 꼭 그랬던걸꺼야,0
26,kl2g 고추를 털어버려야 할텐데,1
27,카밀라벨 발연기,0
28,재밋는뎅,1
29,센스있는 연출력 탁월한 캐스팅 90년대의 향수 그래서 9점,1
30,엄포스의 위력을 다시 한번 깨닫게 해준 적 남 꽃검사님도 연기 정말 좋았어요 완전 명품드라마,1
31,졸쓰레기 진부하고말도안됌 아 시간아까워,0
32,재밌는데 별점이 왜이리 낮은고,1
33,1%라도 기대했던 내가 죄인입니다 죄인입니다,0
34,아직도 이 드라마는 내인생의 최고,1
35,패션에 대한 열정 안나 윈투어,1
36,키이라 나이틀리가 연기하고자 했던건 대체 정신장애일까 틱장애일까,0
37,허허 원작가 정신나간 유령이라 재미있겠네요,1
38,포스터는 있어보이는데 관객은 114명이네,0
39,이 영화가 왜 이렇게 저평가 받는지 모르겠다,1
40,단순하면서 은은한 매력의 영화,1
41,다 알바생인가 내용도 없고 무서운거도 없고 웃긴거도 하나도 없음 완전 별싱거운 영화 내 ㅇ시간 넘 아까움 완전 낚임,0
42,오게두어라 서리한이 굶주렸다,1
43,정말 맘에 들어요 그래서 또 보고싶은데 또 보는 방법이 없네,1
44,윤제문이라는 멋진 배우를 발견하게 됐어요 소소한 일탈이 잔잔한 미소를 머금게 합니다 음악은 조금 아쉽네요ㅠㅠ 8점 주고 싶은데 평점 올리고 싶어 10점 줄게요,1
45,평점에 속지마시길 시간낭비 돈낭비임,0
46,리얼리티가 뛰어나긴 한데 큰 공감은 안간다 이민기 캐릭터는 정신의학상 분노조절장애 초기 증상일거다 툭하면 사람패고 욕하고 물건 파손하고 조금 오바였음 극 초반엔 신선했는데 가면 갈수록 이민기 정신상태 공감불가.,0
47,마이너스는 왜없냐 뮤비 보고 영화수준 딱 알만하더군 북한에서 이런거 만들라고 돈 대주던,0
48,난 우리영화를 사랑합니다,0
49,데너리스 타르 가르엔 나도 용의주인이 되고 싶다 누이랑 근친상간이나 하고 다닐지라도 소설 속에선 제일 멋진 놈이 자이메 라니스터였는데 드라마속에선 드래곤 용이 제일 멋지네 웃음 감독님 토르-2 다크 월드는 말아 잡수셨을지라도 기본 선방은 했음,1
50,영화가 사람의 영혼을 어루만져 줄 수도 있군요 거친 세상사를 잠시 잊고 동화같은 영화에 행복했네요,1
51,야 세르게이 작은고추의 매운맛을 보여주마 포퐁저그 콩진호가 간다,0
52,이렇게 가슴시리게 본 드라마가 또 있을까 감동 그 자체,1
53,난또 저 꼬마애가 무슨 원한이 깊길래 했더니 그냥 혼자 나대다 OO걸 어쩌라고,0
54,재미있어요,1
55,전 좋아요,1
56,최고,0
57,너무 충격적이엇다 기분을 완전히 푹 꺼지게 하는 느낌 활력이라고는 하나도 없는 너무나도 무거운 지독하고 차갑고 무자비하다 그저 일본인들의 상상력은 정말 대단한거 같다는 생각이 든다,1
58,심심한 영화,0
59,백봉기 언제나오나요,1
60,보는내내 그대로 들어맞는 예측 카리스마 없는 악역,0
61,불알이 나와서 당황 아무튼 영화가 중간에 끝나는 느낌,0
62,평범함속에 녹아든 평범한 일상 조금 밋밋한게 흠,0
63,보던거라 계속보고 있는데 전개도 느리고 주인공인 은희는 한두컷 나오면서 소극적인 모습에 짜증이 맨날 언제 끝나나 기대만하고 있어요 전개좀 빨리빨리,0
64,사랑하고 싶게하는 가슴속 온감정을 헤집어놓는 영화예요 정말최고,1
65,많은 사람들이 이 다큐를 보고 우리나라 슬픈 현대사의 한 단면에 대해 깊이 생각하고 사죄하고 바로 잡기 위해 노력했으면 합니다 말로만 듣던 보도연맹 그 민간인 학살이 이정도 일 줄이야 이건 명백한 살인입니다 살인자들은 다 어디있나요,1
66,예전 작품 캐릭터 에피소드 재탕 삼탕 사골우려먹듯 우리고 내용은 산으로 가고 시청률은 아예안나오고 이제 70회중반인데 120부작이라니,0
67,김남길의 백점짜리 연기력과 초반 몰입도에도 불구하고 지루하고 손예진,0
68,재밌네 비슷한 영화를 안보신 분들한테는 재미있을 듯,1
69,노래실력으로 뽑는게 맞냐 박시환이 진짜 망신이다,0
70,아 일본영화 다이런건가 유치하다,0
71,이틀만에 다 봤어요 재밌어요 근데 차 안에 물건 넣어 조작하려고 하면 차 안이 열려있다던지 집 안이 활짝 열려서 아무나 들어간다던가 문자를 조작하려고하면 비번이 안 걸려있고 ㅋㅋㅋ 그런 건 억지스러웠는데 그래도 내용 자체는 좋았어요,1
72,졸작,0
73,재밋네요 달팽이가 빨라서 더 재밌었어요,1
74,어설픈 전개 어이없는 결말,0
75,부패한 로마노프 왕조를 기리는 뭣같은 영화 온몸으로 항거했던 러시아 민중들이 그저 폭도냐,0
76,내용전개는 무난한 편이였구 잘 보았습니다,1
77,매우 실망,0
78,한국영화 흥행코드 갈등 갈등 계~에속 갈등 화해 감동  평점 10점 남발 흥행 뻔하지 뭐,0
79,아햏햏 아햏햏 아햏햏,1
80,뭐냐 시작하고 3분만에 나왔다 리플릿 사진 보며 불안하더니만,0
81,단연 최고라고 할수있지,1
82,감독이 럼먹고 영화를 만들었나보다 관객에게 뭘 말하는지도 모르겠고 엉망진창 개진창이다,0
83,이건 뭐냐 우뢰매냐,0
84,정말 쓰레기 영화입니다,0
85,진정 위대한 영화 최고임,1
86,별루 였다,0
87,내일이 기대되는,1
88,근데 조미가 막문위 좋아한건가요,1
89,진짜 골깜 눈 부라릴때 쓰러짐,1
90,성룡 영화중 최악인듯,0
91,골때리네 걸스데이 이혜리 잘 되라,1
92,서기가 이뻐서,1
93,완전 재밌어요 백인 공주 귀여움,1
94,인상적인 영화였다,1
95,어내스트와 셀레스틴 완전 강추에요 정말 재밌습니다,1
96,재미있는 영화입니다,1
97,클라라볼라고 화신본거 아닌데,0
98,진짜 보면서 너무 슬펐던 영화다,1
99,설정이 재밌고 새로운 에피소드 내에서 메인 스토리도 차차 나오는게 재밌음,1
100,신카이 마코토의 작화와 미유와 하나카나가 연기를 잘해줘서 더대박이였다,1
101,재미없음 진심 1이훨나 캐스팅두못한듯,0
102,잔잔한게 생각보다 볼만한 영화인거 같습니다,1
103,감독님들 고은님 쓰면 영화안봅니다,0
104,무섭지도 않았고 스토리도,0
105,영화속 억지스럽고 노골적인 술광고를 좀 은은하고 센스있게 했으면 어땠을까,0
106,킬링타임,0
107,크리스마스하면 떠오르는 영화,1
108,재미있게 봤습니다 매력적인 행복이네요,1
109,음악에 완전히 빠져서 볼 수 있었던 영화 쫌 산만하긴 하던데,1
110,태어나서 처음으로 영화보다 중간에 나왔습니다 불륜이 로맨스냐,0
111,왕짜증 아주 전개를 짬뽕으로 믹스했구나 음향만 무섭게하네 하아,0
112,솔직히 난 별루더라 시간낭비느낌,0
113,대박,1
114,시청률 기준이 되는 패널가구들 머하는거지 명작드라마 다 망치네 내가 다 서운하다,1
115,내용이 이상해,0
116,몬스터 주식회사 3D 재밌게 봤다,1
117,내용전개가 너무나 느리다,0
118,소재는 흥미를 끌지만 이야기 전개가 투박해서 몰입이 안되는군,0
119,절대 보지마라 쓰레기 영화,0
120,중국인 특유의 과장 허풍 있어보이려고 안간힘 쓴 노력은 가상하나 고증과 현실감 떨어지는 설정이 거북스럽다 도대체 그들은 왜 이렇게까지 스스로를 과대포장하는 것인지,0
121,그냥 불법체류자 때려잡는 영화면 좋았을텐데 무슨 우상화를 만든다고 미국의 따뜻한 설정 이건 뭥미,0
122,2년의 삶속에 주인공의 생애가 전부 드러난 듯 하다,1
123,별점 10점 가자,1
124,별로다,0
125,본지 꽤 지난 후에 남기지만 재미있었음,1
126,아니 이게 왜 9점대 일까,0
127,10년이 지나 다시 보게된 영화 다시봐도 그 순수한 사랑에 감동 숀펜의 연기또한,1
128,올레에 공짜로 있길래 봤음 헐 스토리가 문제가 아니라 연기자들이 전혀 배역이랑 어울리지않음 그리고 상대배우들하고 다 따로 노는거같음 이건 연기자들도 문제있음 보아는 진심 완전 별로임 라미란하고 아들이 젤 볼만했음,0
129,너무 욕심이 많았던 영화 어느 한 쪽만이라도 제대로 보여줬다면,0
130,아 빵점,0
131,베댓이 말을 아주 잘써놨네,1
132,아주 모자라진 않다,0
133,영화 도둑들이나 뫼비우스 하고 같은 나라에서 만들어졌다는게 믿어지냐,0
134,온몸이 찌릿 짜릿 나두 용기를 가져야지,1
135,정말재미있고 교훈적인 영화이네요,1
136,당시의 상황과 주제를 주입식이 아닌 긴장감있고 재밌게 전하는 작품,1
137,케이블에서 그만 나와줬으면,0
138,다르덴 이냐리투 차이밍량이 하나도 안섞인채 짬뽕 그릇에 담겨있다,0
139,여군 잼없음 뭐하는건지 잼없음 엠비씨 다잼없음 질린다이제,0
140,좋구나,1
141,한석규 김혜수 연기만 돋보인 영화 어딘지 모르게 많이 어설픈 영화,0
142,솔직히 에볼라바이러스가 떠들석해서 보게된 영화인데 작품성이나 어떤면에서도 20여년전 영화라고 보기엔 믿기힘들정도로 정말 잘만들었다고본다 마지막 후반부가 살짝 아쉽긴하지만 이정도면 수작이라고본다 시간이 아깝지않은 영화,1
143,볼만해,0
144,재미있다고 허풍 떨지 마세요,0
145,용가리 진짜짱짱맨이다,0
146,이 영화를 이제서야 보다니 감히 내 인생 최고의 영화중 하나로 꼽을 수 있을만한 작품 어떻게 살아야할지 나를 위한 고민을 한번 더 하게 되는 시간 그리고 모건 프리먼은 나이가 들어도 여전히 섹시하다,1
147,작가가 별로다 내용이 진짜별로임 맨날 그냥 기대하고 재방송하면 혹시나 하고 봐줘도 답없다 진짜,0
148,명작도 이런 명작이 있을까 싶다 보고 또 봐도 여운이 남는 영화,1
149,아 진짜 조금만 더 손 좀 보면 왠만한 상업 영화 못지 않게 퀄리티 쩔게 만들어 질 수 있었는데 아쉽네요 그래도 충분히 재미있었습니다 개인적으로 조금만 더 잔인하게 더 자극적으로 노출씬도 화끈하게 했더라면 어땠을까 하는 국산영화라 많이 아낀 듯 보임,1
150,그만좀 끌고 이제 끝내라 지겹다 지겨워,0
151,아,0
152,역시 드니로의 연기는 일품 나도 맥스가 샘을 죽이길 바랬다,1
153,나름 괜찮은 작품입니다,1
154,너무 좋은 영화,1
155,정말 실망스러웟음,0
156,배우들은 지네들 안뜨니까 이런영화 찍을껀데 왜 안뜨는지 진짜 모르는거야 면상 딱 보면 알겠구만 왜 지네 자신들은 모를까,0
157,어린이가 좋아할듯 내어릴적 동심은 멀리 떠낫나보다,0
158,무술인이 왜 총을드나,0
159,10점,1
160,크리스토퍼왈츠와 타란티노의 조합이란,1
161,한국에선 유명한 편은 아니지만 외국에선 상상초월한 유명한 영화입니다.,1
162,오랜만에 재밋는 영화봤네요,1
163,종방되어 아쉬워요 오늘막방도 잘봤어요 방송대본이 꽤 완성도있다는 느낌받았고요 요즘 드라마들의 막장에 지쳐있었는데 수백향은 정말 바른 드라마였던듯해요 악역들도 그리 심하게 어이없지도 않았고요 MBC 화이팅,1
164,평점 조절위원회에서 나왔습니다 웃음 김혜선은 내일이 오면 김순정 순정이 역할이 제일이다 팜므파탈로써 그 정도까지 잘해낼 줄은 정말 의외였어 연기 20년 한사람에게 요즘 사극에서 벌어지고 있는 그녀에 대한 연기논란은 왠지 코미디의 한장면 같음 웃음,0
165,영화 끝나갈때쯤에 멍하다가 다보고나면 한마디 나올거임 ㅈ같다,1
166,공유 존잘,1
167,상쾌발랄한 영화다 말하기 껄끄런 성이란 소재를 유쾌하게 해설했다,1
168,소파에 죽 치고 앉아 지켜 볼 이유가 없는 작품,0
169,로큰롤,1
170,주된 타겟이 어린이니 일반적인 논리가 통하지 않는 건 알겠다 하지만 게임은 흥미롭지 않고 요원이라는 주인공이 너무 무능력해서 별로 재미없다 CG 배경도 거슬린다,0
171,뮤지컬 영화인데 사운드 녹음 엉망 남주는 춤도 못추고 내용은 뻔할뻔 주인공들 목소리도 너무 안어울리고 어제 CGV에서 뛰어 나가려다 참았습니다 진심 말리고 싶습니다 영국의 저예산 DVD용 영화 뮤지컬영화 아닙니다 맘마미아 1/10도 안됨,0
172,어린나이에 봤음에도 꽤나 좋아했던 로맨틱코미디,1
173,게이물인줄 모르고 봤네,0
174,알바는 꺼저라,0
175,이 영화 머임 내가 왜 받아 봤을까 그것이 알고싶다 이 영화는 배우들과 스텝들이 감독의 꼭두각시였음,0
176,4대2라니 최악,0
177,정말 아름다운 영화 입니다,1
178,자극적인 것에 익숙해진 현대인이 봐도 눈을 떼기 힘든 연출력,1
179,뻑 뻑 잘 읽어볼걸 나도 당했음,1
180,정말 짜증의 극치를 보여주는영화 굉장히 언밸러스한 느낌 뚱뚱하고 못생긴 남자애의 발연기를 시종일관 봐야하는게 고역인듯 간간히 흘러나오는 잔잔한 클래식풍의 음악조차도 듣기싫어 짜증날정도로 상당히 싫은영화,0
181,감동 감동 정말 최고네요,1
182,별점 주기도 아깝네요 얼마나 내용이 진부한지 욕 밖에 안나오네요보고 재밌다고 하는 사람 초딩들인가요 죄송해요 너무 화가나서 아무 것도 볼게 없습니다 보지 마세요 그냥 티비판짜집기 한거 같네요,0
183,나 왠만해서 짜증안내는데,0
184,돼지피먹고 닭목따는 장면에선 우웩 역시 무당은 아무나 하는게 아니다,0
185,버려,0
186,유치하고 지루하고 잠이 왔다,0
187,3류풍 판타지 3점만 가져가,0
188,윤종신 복귀는 좋았지만 이하늘은 도대체 왜 뽑혔는지 알수가없다. 참가자 실력을 따지기 전에 심사위원 인격과 실력부터 쌓고 오시길 어하어허 그만좀 하고요,0
189,광장한 작품 옛날것도 보고 싶다,1
190,내 생의 최고의 영화,1
191,어린시절 너무 무섭고 재미있게 봤던 추억의 판타지영화 절대 나쁜짓은 금물 지옥가요,1
192,기존 멜로영화 형식을 탈피하려고 하였으나 감정의 절제가 지나쳐 너무 담백한 영화,0
193,난 사랑비 서준에게 쏙 빠져버렸네 1.2.3초만에 쏙 난 절대 잊지도 않고 후회도 안할거야,1
194,이 영화를 보니까 교훈을 주네요 나도 남은 인생을 화려하게 살아야겟다 말밖에 안나오네요,1
195,나름 추억에 젖어들고 좋았음 아무생각없이 가볍게 보고오기 추천요,1
196,단순한 싸이코물을 벗어난,1
197,이게 14년도에 만들어진건가요 아니면 예전에 만든거 다시개봉한건가요 너무 허접해요,0
198,넘 사랑스러운 영화다 1보고 연이어 봤다 넘 귀여워 ㅠㅠ,1
199,청춘 영화만이 줄 수 있는 감성이 넘쳐난다 이 순간 지나가면 다시 돌아오지 않을테지만 그 순간만큼은 무한할 젊음이 줄 수 있는 그런 감성,1
200,TV용 건담 시리즈 중에서 아직까지도 최고봉,1
201,개콘은 요즘 갈수록 코너들이 다 노잼이고 웃음이 안난다,0
202,사다코의 한이 서린 우물펀치 감동,1
203,후세와 사랑하게된 결정적 계기 그시간이 표현되지 않았으며 시람의 생명을 빼앗아야만하는 이유등을 시노가 출현하는 연극으로 더 알려주었으면 하는 생각이든다 또한 시노가 얼마나 본능을 절제히면서 시랑을 하려고 노력하는지를 더 보여줬다면 좋았을뻔했다,0
204,새벽시간에 하는 일본 영화들은 전부 개졸작이다 일본 영화 원래 다이래,0
205,강수연의 나가있어 그리고 최정원의 신음신,0
206,아 정말 김혜성 너무 예쁘네요 이현진도 웃는 거 정말 하,1
207,가발 쓰고 싶다,0
208,화려한 여정이 인상 깊어요 재밋어요 배두나 연기 정말 잘해요,1
209,10대들을 위한 성적 호기심 영화,0
210,감동적인 영화,1
211,이건 말이 필요 없다 그냥 닥치고 봐라,1
212,각기 다른 사람들의 재밌고 멋진 사랑영화,1
213,역시 미국 드라마의 파워 정말 알수없는 그 미묘함까지 사로잡아 버렸다 최고,1
214,너무너무 훈훈하네요,1
215,이거 응답하라에서 은지원원도 스스로 욕하지 않앗나,0
216,아 너무 웃기고 배꼽 빠질뻔했네  내 컴에 이 영화 있는데,1
217,구성이 상당히 부실한 영화 역시 네이버 평점은 믿을수 없다,0
218,장끌로드의 몰락을 가져온 오우삼 헐리우드 작품중 가장 재미없었던 졸작,0
219,언제적 영웅본색 연출인지 현실성 제로인 영화,0
220,작은거 하나에도 설레어했던 학창시절 그때 그느낌을 다시 느껴볼수있는 시간이었다 장면 하나 하나 대사 하나 하나 배경음악 하나 하나 버릴게 없는 드라마,1
221,진심 재미 없는데 너무 평점 높아서 화남,0
222,더럽게 재미없다 어떤 형태로도 와 닿지 않는 허무하고 완벽히 지루한 영화고 영양가 하나도 없는 영화다,0
223,이승기 정말 연기 잘하는 조연들도 연기 정말 잘하고,1
224,현실은 꿈 꿈은 현실,1
225,오늘 현충일 특집프로로 보게되었습니다 1963년도의 매우 훌륭한 작품입니다,1
226,판의미로와 동급 trash of the trash,0
227,제대하고 보니까 더 재밌네요,1
228,영화를 보는것만으로도 마음의 휴가를 다녀온 느낌 소박하지고 잔잔하지만 지루하지않은 그래서 다시 보고싶은 영화 햇살가득한 비이의 부엌과 요리도 인상적,1
229,코믹한건 좋았는데 짜임새가 너무 허술하다,0
230,1996년 그때 당시에는 우리 나라에 이런 판타지 로맨스가 없었다 아직도 신현준의 황장군 연기는 음 괜찮네 한석규의 전성시대가 열린 영화 이때 한석규한테 뿅 갔었다,1
231,일단 재생하면 괴물같은 서스펜스 귀신같은 흡입력,1
232,하 진짜 댓글보고 한번쯤볼만한 영화인거같아서봤지만 기가찬다 이게 무슨 버킷리스트인가 죽기직전에 소원들어주기 내가보기엔 죽기직전에 막 살자 인거같다 감동도 없고 진짜 버킷리스트란 영화에 발톱에 때만큼도 못따라가는쓰레기영화 완존실망,0
233,이 시간좀 밝고 긍정적인 드라마 보고싶어서 보긴보는데 오버하는 연기들이 거슬리네요 연기인게 너무표나요 홍혜정역이 그나마도 후련기도하고 시원하고 나머진 다들 답답하네요 낼월요일인데 해피한것만 보고싶네요,0
234,정치인의 모순인가 정치범의 모순인가,0
235,어떻게 이런 상상을 대단하다,1
236,좀 어렵기도 하고 전쟁에 대한 묘사가 잘 모르겠다,0
237,일본에서 10주년 극장판 만드는데 우리나라에선 10주년으로 재개봉하니 이건 좀 아님,0
238,한대희가 개그콘서트 본다고 내 전화끊음 개그콘서트 없애주세요,0
239,한물 간 동서양 두 배우의 싸움판,0
240,푸하하하 이거 기대 안했지만 역시나 구만,0
241,세계 최초의 반공 애니매이션이라는 역사적 가치가 있다,1
242,감각적인 시각으로 바라보는 색다른 느낌의 사랑 문학적이,1
243,엄마는 무고한 지 딸을 감옥살이 시켜시켜 이해 안돼요,0
244,이영화는 제발 책을 보세여 감독이 미친겁니다 이따위로 만들어놓고 화가 날정도,0
245,신나는 흑인음악과 아이스 큐브 뿐 남는게 없다,0
246,드럽게 재미없네 시간이 돈이다 내 시간은 어쩔건데,0
247,그저 한마디뿐 알리시아,1
248,진짜 생생하게 느낄 수 있었다,1
249,재밌는데 평점이 이상하다 싶을 정도로 낮다,1
250,옥소리 프로필 사진에 1점남기고 갑니다 완전 대박이다 진짜 아우 짜증나,0
251,드라마 너무 재밓당,1
252,아 진짜 너무 좋아요 짱짱,1
253,연기 굿,1
254,이런 영화 다시는 안나오겠지 그때 시절을 잘 나타내주었던거 같아요,1
255,중간정도 부터 봤는데도 꽤나 대단하군요,1
256,콩은 까야 제맛 콩은 까야 제맛,0
257,이적의 소설 재미없다,0
258,액션영화가 아니다 범죄 느와르 영화다 허나 범죄 느와르 영화로서도 실패작,0
259,뭔가 알수없는 매력에 빠져드는 영화,1
260,모녀를 토막살해한 살인자가 부성애라니  말이되나 감동받은 사람들 본인들이 피해자가 되도 감동받았다고 할수있을까 진심 묻고 싶습니다,0
261,재밌는데 평점이 왜 이렇게 구리지,1
262,아 OOO기 이걸 본 내눈이 아깝다 진짜 아놔 진짜 OOO기명작이네요,0
263,필름값이 아깝다 재미 더럽게없다 2점부터 점수준것들 매미 OO,0
264,또보고 싶은데 어디서 보죠,1
265,영화 재미있드만 ㅎㅎ,1
266,남주인공 연기력 안습이네요 혀짧은 소리 듣기도 너무 힘들었네요 매니저 역활분이 남주인공하는게 훨 좋았겠다는 생각이 들정도 영화 자체는 적당히 볼 만 합니다,0
267,3점이 딱 액션 스릴러인데 액션과 스릴이 없다,0
268,완전 스토리도 엉망이구 완전 비추,0
269,OOO영화 뭘 전달하려는지 모르겠네 오글거리고,0
270,좋은 영화,1
271,더빙이 이상해요 할머니는 월래익숙한데,0
272,이게 2편이 나왔어,0
273,모든게 2%씩 다 부족했다 아니 50%씩,0
274,정말 말 그대로 쇼 하는 영화 ,0
275,12년 전에 봐서 기억이 나질 않지만 진개가 천카이거 감독 이름 세 자는 기억해 두었던,1
276,정은지 언니 연기 잘하구 노래도 잘부르시고 마지막회 웃으면서 즐겁게 봤습니다 트로트의 연인 ♥,1
277,이게 웃겨,0
278,망함,0
279,아이의 시선으로 보는 전쟁 보는 내내 가슴이 먹먹했다는,1
280,사람들이 재미없다고 해서 레알 기대 안했는데 생각보다 볼만함 근데 여자애랑 복순이랑 다투는 장면 그건 굳이 없어도 됐다고 생각함 몰입도 겁나 없애고 어색해보였음,0
281,설정이 연속극같은 느낌이 든다 하지만 배우들의 연기가 뛰어나다.,1
282,여주인공 인터뷰할때 지루해 죽는줄 알았음 그냥저냥 킬링타임용 스릴러,0
283,전미 박스 오피스 1위 그냥 몰아주기 하는건가 어떻게 이런 영화가 1위를 하지 옛날 80~90년대 우뢰매 수준의 물폭탄싸움이네 ㅋㅋ 손에서 빔나가나 손에서 물폭탄 나가나 다를게 뭐지,0
284,감독이 여자다보니 기량이 많이 딸리네,0
285,또 보고 또 울었다,1
286,이런 영화는 하나의 개연성만 없어도 허무하게 만들어 버린다 조디포스터의 이쁜 모습만 남을 영화,0
287,굳굳,1
288,스토리도 말이 안되고 개막장 사랑이야기도 아니예요 이걸 보고 계신다면 당신의 시간과 돈을 아낀거예요 휴 그래도 본다면 호구,0
289,네놈을 살려두기엔 쌀이 아까워 세기의 명대사,1
290,평점이 너무 높다 전혀 재미있지 않았다 쓸데없이 말만 많음 이런 류의 영화는 조연들의 뒷받침이 중요한데 조연들의 내용자체가 전혀 없음 또한 여배우도 별로 매력 없었다 이틀전에 저스트고위드잇의 애니스톤을 보고 이 영화를 봐서 그런가 실망했음,0
291,맛깔 나는 드라마,1
292,시베리아인가 거기가서 훈련할때 나오는  ost 개작살,1
293,이건 시종일관 질 왜 제목이 야경꾼 일지냐고 지금 10회가 넘어가는데 즉 2달이 넘어가는데 앞에서 누군가가 얘기 하더만 이거 100부작이냐고 그러다 또 한 순간에 모든걸 훅진짜 지루함의 지존,0
294,나이들수록 이해가 가는 영화,1
295,ㅠㅠ 슬픔,1
296,장면 개연성도 없고 아역은 연기도 못하고 무슨 추노에 나오는 민폐언년 외국판인줄 초반만 그럴싸한 저급영화,0
297,이 영화 정말 별루예요 결말이 이상해요,0
298,딱히 재미는 없네요 킁,0
299,송강호는 정말 연기를 하기위해 태어났고 그로인해 우리는 즐거움을 느낀다 역시 송강호는 연기파다,1
300,일본 영화 수입 금지 시절에도 비디오 테이프로 돌려봤던 불후의 명작 아 그립다,1
301,살인을 소재로 한 영화가 이토록 재밌을 줄이야 살인에 대한 감독의 해석이 정말 재치있다 대 배우님들의 10여년전 모습도 새롭웠고 ㅋ 정말 유쾌하고 재밌다,1
302,누미 라파스 신봉선 닮아서 안 본다,0
303,케이블에서 그만 좀 재탕해라,0
304,멋졌다 정말이지 멋지다는 말 이외엔 할 말이 없다,1
305,98년에 어떻게 이런 영화가 만들어졌는지 의문 당대 최고의 영화 지금봐도 퀄에서 결코 떨어지지 않아요,1
306,지금 이거 티비로 돈내고 보고있는 내가한심하다,0
307,쓰레기 연예인 재기의 장 그러나,0
308,굿 좋아,0
309,많은 감동을 준 드라마이다,1
310,발로 만든 영화 지진나서 주인공 넘어지는데 뒤로 사람들 유유히 걸어다니고 있음 발CG  발연기  발시나리오 내용도 정말 뭐같음 ㅋㅋㅋ,0
311,적당히 해야지 언제 끝나는것인가,0
312,잊을 수 없는 안개낀 워터루 다리와 마스코트,1
313,곤사토시 감독 2010년 안타깝게 돌아가셔서 가슴이 먹먹합니다 정말 천재적인 감독인데 암으로 가시다니 ㅠㅠ 이제와서 다시봐도 모든 작품이 대작,1
314,많은 생각을 하게 됐습니다 예뼈지고 싶은 맘은 있었지만 과하면 독이겠네요 ^^,1
315,아 츠무구만 없어지면 별 5개줄게,0
316,어릴땐 조폭영화로 알다가 나이가들수록 이게 인생이구나 하고 뭉클해지는 영화 세상을 살아가면 갈수록 와닿는게 많아지네요 세상은 비정하지만 비정함마져도 따뜻해지는게 친구라고,1
317,영상이 너무나도 멋지다,1
318,비디오가 있어서 봤는데 1997년도 인줄모를 정도로 잘 만들었습니다 긴장감도 있고,1
319,처ㅝ주,1
320,2009년에 만들어진것치곤 재밌음 영화가 길어서 좀 다듬었으면 소재도 좋고 몰입감도 기대이상 매끄럽지 못한 부분도 있지만 연기는 둘 다 잘한듯,1
321,철지난 조폭 코미디와 뼈대 있는 가문의 이야기를 섞었지만 둘 다 지루하다 박정아를 비롯해 배우들은 보기 민망한 연기를 펼치고 기억에 남는 건 하나도 없다,0
322,군더더기 없이 잘 진행되는데 재미도 없는게 문제,0
323,심심해서봤는데 재밌네요 탑연기 못할줄  알았는데 배우포스나고 잘하군요,1
324,고다미 괜찮음,1
325,아 지대짜증 아빠랑 봣는데 민망해 죽는줄,0
326,0점은 못주냐,0
327,빠순이 영화 훈훈하긔 재밋쎠,1
328,최악의 애니메이션 지루하고 재미없고 스토리마저 진부하다,0
329,좋은 의도와는 다르게 불쾌한 표현법,0
330,줄리아로버츠 귀여운 연인은 이거보다 5년전꺼다,0
331,신선하네",0
332,예술가로써의 한 사람의 인생과당시 시대적 상황을 질 느낄 수 있었던 명작,1
333,관객수가 너무 아쉬운 영화 베테랑보다도 더 류승완 감독의 역작이고 더 강한 악역이다,1
334,한창 핵펭귄이 남북 거짓 평화로 전국민을 속이던때 만들어진 영화,0
335,지금 티비에서 하는데 못 보겠다,0
336,여자애 한명이잘 못해서 몇명이 죽는거 답도없다,0
337,성룡의 헐리웃작 중 단연 최고지 ㅋㅋㅋ,1
338,안습,0
339,감독의 의도를 전혀 알아차리지 못했다,0
340,하나님이 가정을 온전히 만든다 진리이신 분이 만든영화 눈으로 만보지 말고 마음으로봐라,1
341,2편도 나름 흥미진진한데 핀헤드가 죽은게 좀 아쉬운 점이랄까,1
342,국산 코미디 영화중에서 난 신라의달밤이 제일 좋았음 뭔가 푸근하고 따뜻함,1
343,최악이다 영화보다가 잠오긴첨임 지루해둑을뻔,0
344,탄탄한 배우들 될고 머하는 건지,0
345,영화가 점점 끝을 달려 갈수록 몰입도가 더 높아진 영화는 이번이 처음이네요,1
346,결국 감독 자신이 하고 싶은 의견을 지존파 핑계삼아 하려고 한듯 지존파 살인은 정당화하고 정부탓이 였다는 사회탓이라는,0
347,사실여부를 떠나 알고 왔던 아더와 너무 매칭이 안돼더라 원탁기사중 실제 검술 최고수는 랜슬롯으로 알고 있는데 트리스탄보다 못하고 싸우는 검술은 마치 중국검술 흉내낸거 같은게 그리고 란슬롯이 실제는 쌍검였나 너무 매칭이 안대 하튼 기네비어역도 미스,0
348,대한민국 영화 수준의 평균치를 하락시키기에 충분한 C급 영상물,0
349,0점은 없나,0
350,재밌는데,1
351,재미없다 기대 완전 했는데 완전 못함 실망,0
352,종착역 없는 인생의 대유 트레비스는 단지 흘러간다,1
353,돈과 시간이 아까운 영화,0
354,네러티브는 하나도 없는 예쁜 음악 동영상 취미로 영화만드는 것은 이걸로 끝나길 잘하는 음악에 올인하길,0
355,배우들의 연기는 좋았는데 뭘 말 하려는 건지,0
356,학위 위조성범죄자 문제자들만 모아서 영화찍음 왜 그랬으까 제작비 아끼려구 패자부활전 하냐,0
357,솔직히,0
358,완전 재미있어요 애들도 보기에 알맞는듯,1
359,잔인하기도 하고 무서웠어요 탑은 멋있더라구요,0
360,무섭지도 않고 기분만 나쁘고 쩝,0
361,군더더기 없는 깔끔한 그러나 강한 메세지 전달 뜻밖의 참좋은 영화,1
362,이 영화는 최고다 그냥 최고야 그런 줄 알아,1
363,그랜드 부다페스트 호텔과 시리즈 같네 캐스팅이 아까워,0
364,빨리 감기해서 봤음 투자비는 많이 들었을 것 같은데 영화사 망했네 ㅎ,0
365,도대체 뭐가 재밌다는건지 모르겠네요 무슨 아이언맨 시리즈의 개그도 뛰어넘는다 하는데 어디서 웃어야할지도 모르겠고 내용도 뭔지 뜬금없는 히어로 놀이는 또 뭔지 왜 이렇게 평점이 높은지 모르겠습니다,0
366,왜 극을 끌어가는 중심있는 캐릭터가 있어야 하는지 알게 된 영화 살인마와 대적하는 그리고 사건을 해결하는 인물이 없고 그리고 왜 마지막에 다 탈출 해놓고 나서 잡히고 죽임을 당하는지 이해할수가 없다 대체 조달환 정유미는 왜 나옴,0
367,진짜 리얼 개 쓰레기 영화 다 보고 나면 정말 찝찝해지는 영화 절대 보지마,0
368,비록 로봇이지만 점차 인간의 감정을 가지고 자신에 대해 고민하면서 결국 인간이 되어 죽는 앤드류의 모습내가 봤던 영화 중에서도 최고의 감동을 선사한 영화,1
369,영구와 땡칠이 시리즈는 레전드 영화다,1
370,초딩 때 친척형이 비디오로 빌려와서 봤던 기억이 난다 너무 재미 없었다 근데 나중에 우연히 다시보니 재밌더라 그 땐 왜 그렇게 재미가 없었을까 98년이면 내가 초등학교 2학년 때니까 사촌형이 당시 나름 최신 비디오를 빌려온거 같다,1
371,지루할만큼 고요하고 서글픈 시선속에 머문 깊은 성찰과 사색,1
372,영화 진짜 보고 펑펑 울었습니다 , 너무슬픈거 같아요 ㅜㅜㅜ",1
373,누가 더 혀짧은가 내기하면 박빙일것같다,0
374,애 둘 딸린 심은하의 그 눈부신 미모 아름다운 영상 메인 주제가,1
375,3기 나오겠죠 아직 안풀린 이야기들이 많은데 극장판은 정말 시간가는줄도 모르고 봤네요 역시 싸패,1
376,개노잼 뭔가 스토리도 부족하고 다이상함 진짜,0
377,답없네 뭐하는건지,0
378,절망과 슬픔 속에서도 자신을 챙겨야만하는 삶의 잔인함을 거부한 비참함에 대하여,1
379,페이스 허거 같음 ㅋㅋㅋㅋㅋ,0
380,시간이 흘러도 퇴색되지 않는 맛이 있는 영화,1
381,진짜 어마어마한 여운을 주는 멜로 영화에요 ㅎ,1
382,소피마르소와의 말같지도 않은 불륜이 내용 다 망침 물론 실제 역사에는 그런 똥같은 이야기는 전혀 없었음 주인공 죽을때 공주는 10살이었음 한마디 만약 미국인과 맞서 싸우는 아메리칸 원주민의 자유 투쟁기였으면 절대 아카데미상 못 받았음,0
383,훈훈하고 따뜻한 부정을 느낄수잇엇음,1
384,잼,1
385,전 정말 재미있게 봤습니다,1
386,어딘가에서 일어나고 일일것같은 느낌이 강하다 우베볼이 이런 영화를 만드는 이유는 누군가 실제로 따라 했으면 하고 바라는것 같은데 정장 월가 있는 애들이 보면 웃겠지,1
387,림프비즈킷의 OST만 10점 개봉 당시 극장에서 봤는데 영화내내 오우삼 쥑이고 싶었던 ㅋㅋ,0
388,견자단 대박 엽문 시리즈는 계속된다,1
389,정말 오월의 멜로는 정말로 보고보고 또봐도 계속 보고싶은 영화순위 1순위다 하 늦은 밤이라 그런지 야릇한 느낌이 들었다,1
390,흥미롭게 봤어요 여배우들 이쁘네요 반했음,1
391,스토리 액션 그래픽 머 하나 건질게 없는 망작 그냥 게임으로나 즐기셔,0
392,그냥 레전드다 레전드,1
393,평론가 명치를 겁나 때리고 싶다 정말 이 영화 재미없을거라 생각했는데 재미도 있고 내 인생에 도움이 가장큰 영화입니다 본인이 깨달고 싶으면 꼭 보세요 인생을 바꿔줄겁니다,1
394,키아누 리브스 최고의 액션 영화,1
395,소재가 아름다운 영화 다소 아쉬운 부분들이 있는 이유는 이 영화는 영화스러운 극적 로맨스보단 좀 더 사실적으로 한 남자의 마음과 시선을 말하고 싶었기 때문 아닐까,1
396,영화평론가는 아니지만 좋았다 한번보고마는 영화가 아닌 울림이있는영화,1
397,역시 효느 역시 재밌다 ㅋㅋㅋ 재탕중.,1
398,4대강,1
399,간첩색휘들 애쓴다 밥은 먹고 다니냐,0
400,좀 검증된 애들좀 출현시켜라 이탈리아 특집 장난하냐,0
401,아 정말짜증나네 절때 보지말껄 욕나옴,0
402,슬프다 ㅠㅠ,1
403,최악의 환경속에서 이런 만화라도 만든사람들에게 경의를 보낸다,1
404,What is this movie for,0
405,여운이 엄청 길게 남는영화 이이경을 사랑하게하는 영화,1
406,이딴게 한국 영화라니,0
407,짜가인가 이게뭐여 뭔,0
408,굿 10자 이상 가나다라,1
409,짱이다 ㅎ 혼자자식 키우며 살아온 엄마 그의 아들 힘들게 살아오면서 서로 예민해지고 날카로워질때도  잇엇지만 결국 가족 ㅎ 아빠라는 사람도 생각보다 최악이 아니고 여자는 확실히 요구하면 도와준다는 그말이 왠지 짠하게 와닿는다 ㅎ 나혼자 괜히 끙끙거리지 말 이런 단순한생각이든다,1
410,CG도 별로고 전개도 별로고 연기도 별로고 한마디로 재미없다,0
411,번지수 잃고 갈팡질팡,0
412,Yesterday when i was young,1
413,너무 사랑스럽고 감동적인 영화 정말 좋앗어요,1
414,최고의 영화,1
415,13년전 영활 다시보니 공효진 코평수줄이고 콧대높였네 완전 못생겼어 ㅎㅎ 호 권상우는 화산고때 왼쪽 팔자 심하더니 지금 사라지고 더 잘생겨졌고 장혁은 멋지게 늙었네 ㅋㅋㅋ 다시보니 웃겨,1
416,말랑말랑,0
417,공부 열심히 합시다 공부 안하면 저런 OO인생 삽니다,1
418,그냥 최고다,1
419,전쟁 이후의 아픔을 잘 그린 영화 마지막 장면이 압권 유대인줄 알아 더럽게 여기나 도움이 필요하니 동행했던 토마스에게 더러운 유태인이라고 말한 장면 그러나 유대인인 척한 사실 유대인 가족사진을 보면서 미묘한 감정들을 사슴인형을 밟아까며 대변한다 므찐영화 ^^,1
420,오랜만에 동화다운 동화를 본 기분이다,1
421,감사합니다 정말로 감사합니다,1
422,걍 둘다 변태,0
423,샤넬의 인생과 성공이 아니라 샤넬과 그의 남자들,0
424,영화가 내용이 없다,0
425,십수년의 세월을 찰나의 순간처럼 찰나의 순간을 영원한 기억으로 남기는 시간의 상대성 이론에 관하여,1
426,니노의 이중인격 연기 두근거리네요 ♥,1
427,보다가 울컥핫 영화 재미도 있고 먼가 감동적임,1
428,열정만으로 돌진하고 싶게 만드는 영화,1
429,연기력에서 유혹하지 못한다,0
430,난감하다 재미도 없고 세상을 깜짝 놀라게 하는 센세이션도 없다,0
431,아무리 노력했어도 차이나타운을 대놓고 베낀 것은 용서가 안됨,0
432,신화 화이팅 에릭 화이팅 모두 힘내요,1
433,엔딩이 넘 슬퍼요,1
434,영화관에 가서 보면 더 좋았을걸 어린시절로 돌아간 느낌이들어 만감이,1
435,정말 최고였어요 ㅠㅠ 이민정씨와 신하균씨 연기 너무 좋았어요,1
436,몇 안되는 재밌게 본 영화,1
437,교양시간에 보고 좀 충격먹은 영화 마지막에 너무 슬펐다 빨갱이라 소리지르던 몬초가 갑자기 다른 단어를 말한건 선생님에 대한 그리움 미안함 슬픔이었을까 몬초가 마지막에 좀 울먹인거 같기도 하고,1
438,잘 봤습니다,1
439,안무서워 귀신이 애기라 그런건지 그냥 깜놀하기만할뿐이야,0
440,뭐하자는건쥐 모든 것이 다 어설프고,0
441,배우들의 따뜻한 연기도 일상의 힘겨움을 그리는 현실감도 다 좋았어요,1
442,남자배우들 정말 미스캐스팅 연기력 안습 조은숙 김유미 연기땜에 참고 봤다,0
443,1차 세계대전 中 피고 진 청춘들 무기와 기술력은 20t세기 전쟁을 일으킨 정치인들과 전쟁을 지휘하는 고위 장교들의 생각은 19세기,1
444,책과는 분명히 다른시선 괜찮네요,1
445,내가 이거 왜 봤지 싶은데 한예슬이랑 김태희 나와서 본 듯 적월도 개 쌤,1
446,솔직히 6점때가 뭐냐 약간 더러운 장면만빼면 7.5정도다,1
447,와 이연서님 신인답지 않은 연기력 잘 봤습니다 다음 작품에서 또 뵙길 바랍니다,1
448,반전이 전부가 아닌영화 몇 번을 봐도 또 보고 싶은 영화,1
449,피해자만 있고 피의자는 없는",1
450,개답답 먼주인공이 지혼자 복수도 못함 주변에서 해주길바라는 민폐녀 아직도 끌려다니고 ㅡㅡ,0
451,신선한 소재 화끈한 액션 스피디한 전개,1
452,이 영화의 3박자는 디테일이었다 정말 시가전의 퀄리티는 완벽했고 남자의 사랑에 대한 묘사 작중에 한석규는 누군가를 사랑하는 마음은 정말 디테일이 대단했다 마지막 얘기의 완급조절이 완벽했다 이 영화가 정말 멋졌다,1
453,탕웨이찡 그녀 만으로도 10점주기에 충분하다,1
454,감동적인 영화다,1
455,당시 대박쳤던 영화 괜찮다,1
456,억지스러운 시나리오 지루한 전개 1편 보다 못한 구성등 2편은 안나오는게 나았다 망작 배우들이 영화보는 눈이 없어서 안타깝다,0
457,ㅋㅋㅋㅋㅋㅋㅋㅋ 반도 안되는 영화,0
458,이 영화가 평점이 높은 이유를 모르겠어 ㅡ.ㅡ,0
459,평생 기억할만한 영화 정상적인 소재는 아니지만,1
460,요즘 상황 보고 이 영화가 생각났다,1
461,많을 것을 생각하게 만드는 영화입니다 마지막에 사람들이 짐승으로 보이고 아수라가 사람같아 보였습니다,1
462,진짜 재미 없는 영화 공통점 스포츠 영화 군대 영화 자막 나오는 영화,0
463,로버트 드니로의 광기의 복수 연기를 만끽할수 있는 수작 서스펜스 스릴러물,1
464,감동 감동 감동의 도가니탕,1
465,세계 어디서나 정치 경제 문화 사회 전반에 걸쳐 변화가 절실한 상황이지만 변화를 가져올 방법이 없다는게 함정인 것 같다,1
466,귀여운 벤지 똑똑한 벤지 예쁘고 귀여운 친구 압삘럽 ㅎ,1
467,당시 개봉날 보고 울면서 나왔다 돈아까워서 ㅋㅋ,0
468,정말 최고의 영화,1
469,잔잔하게 숨막히는 영화 연출이 대단하다 곳곳에 숨어있는 복선 치밀하다 싶을정도로 섬세한 감정표현 거기에 김영애의 연기까지,1
470,once upon a dream,1
471,시나리오 연출 연기 어느것 하나 갖추지 못한 시간이 넘 아까운 억지 싸구려 중국 신파 경극,0
472,거부하는 몸짓으로 저 하늘을 ^^,1
473,그만 빙빙돌리고 밝혀지게하면 안되나요 ?보려다 아직도 질질 끌어짜증나 안봄 여기서 또사고터져 또 질질끌면 진짜 짜증날듯 빨리빨리밝혀질건 밝혀지면서 반전이 있든지 작가님 이 드라마 사랑하고 잼있는데 넘끌어 짜증나요,0
474,졸면서 봤다 왜이리 평정이 높은겨 내용도 별거 없고 아오 감수성 영화냐 이거,0
475,기대하지 않았던 영화의 아름다움이 밀려온다 꽤 괜찮다았던 영화,1
476,진짜 한번만더 이런 영화 상영하면 용서하지 않는다 지금 영화보면서 카톡하고 잇음 아놔 진짜,0
477,살아는 있지만 생동감을 잃은 박물관,0
478,노땅들의 한심한 추억미화,0
479,어릴적에 눈물흘리며 웃던기억에 간신히 찾아 다시 봤네요 ^^,1
480,인종차별과 유괴라는 두주제의 불협화음,0
481,고명환이 연기가 쩌냐 아니면 돈이 없어 쓴거냐 후자라면 볼가치가 없는 영화,0
482,속편에서는 주인공이 전작처럼 앨빈의 밴드였으면 좋았을 것 같다 캐릭터 추가로 더이상해진듯,0
483,혼자 보긴 너무 아깝다 2004년 올해의 영화,1
484,마지막 결투씬 최고 ㅋㅋ 폭풍 눈물에 팝핀현준 할아버지 ㅋㅋㅋ,1
485,ㄵ 5점대 ,0
486,좋아 상술최고 아니 선거술 최고,1
487,쓰레기 함부로 버리지 맙시다,1
488,글쎄 나와는 안 맞는 성향의 영화 중 하나 OST는 들을 만함,0
489,즐,0
490,막장도 재미가 있어야 보지 재미도 없고 짜증만 남남녀주인공이 어울리면 참고 보겠는데 진짜 안 어울리고 웬만하면 다 재밌게 보는데 진짜 내가본것중 제일 최악이였음 무튼 주인공들부터 시작해서 성격 개 이상함 조기종영이 답이다,0
491,줄리델피는 나이가 들수록 멋지다,1
492,내가 본 일드 중 쵝오 >0<,1
493,역시 명작은 명작이다,1
494,글쎄요 뭐랄까 영화 제목을 잘못 보고 착각한 내 잘못이랄까,0
495,그냥 기독교 영화네요 좀 더 깊이있는 내용을 기대했는데 실망입니다 영화도 뭔가 엉성해요,0
496,그냥 책으로 읽는게 더 절절하게 다가온다 영화는 내용을 너무 비약하고 삭제해서 행간을 잃어버렸다 책에서 꽉 찼었던 느낌과 반대로 모든 것이 엉성하다,0
497,너무나 감동적인 영화,1
498,스킨헤드성님들이 이 영화를 싫어합니다,0
499,자동차 매니아인 나의 평점은 5점 이하 속았다 아오,0
500,나 이거 보고 인형 절대안삼,1
501,정체성은 사치인가,0
502,나이먹은 아저씨들이 일찐 놀이하는 영화 개 엿겹다 알바풀었냐 현실감 개진짜 개제로,0
503,남극은 왔는데 그만 길을 잃었다 오르지 못할 곳은 오르는 것이 아니다,0
504,재밌음 귀엽고 신남,1
505,포스터는 진심 개쩐다 엑소시스트를 능가하는 공포물 같지만 실상은 처키보다 못한영화,0
506,시청률 44%는 개뿔 존11나 재미없어 이제보니 MBC가 사극 너무 못만드네,0
507,요즘 재방보는데 넘 재밌는데 왜 시청률은 저조했을까 싶네요 둘다 귀요미,1
508,연출 연기 영상이 아름다운 영화입니다 저예산 영화인 관계로 스펙타클은 부족하지만 한국 영화계에 새로운 바람 희망 다크호스가 될것임을 믿습니다 많은 응원 부탁드리고 벌써부터 일찍 관람해 주신분들 진심으로 감사합니다 New hope,1
509,평점이 왜 이렇게 낮지 난 이거 또 다운받고 있다 3번째 정말 잼있던데 끝에 견자단하고 대빵하고 싸울땐 정말 가슴이 뜨거워졌다 난정말로 잼있게봤다 최근댓글이니 내가 알바아닌줄은 알거다,1
510,이게 어떻게 평점이 낮을수가 있지,1
511,블랙코미디 조롱 대상이 우린데 기분 드러워서 점수 주겠냐 성기 노출 등으로 어그로나 끌고서는 ㅉㅉ,0
512,촌동네 조폭삼류영화 가끔씩 툭툭들이미는 유머도 영쌩뚱맞구 촌스럽기까지하다,0
513,10점 만들기,1
514,스타뎀 형님의 얼굴에 먹칠을 한영화,0
515,헐 남자 몸매보면 기분 좋나,0
516,안봐도 별점 한개 주고싶은 10류 영화 같다 ㅋㅋ 심형래 아저씨와 동급 감독인듯 ㅋㅋㅋ,0
517,정말 완벽했다 최고의 영화중에 꼽히는 영화,1
518,조잡하고 유치한 저예산 3류 B급 영화다 스토리에 깊이감도 없고 전체적으로 루즈하다,0
519,진짜 뭐냐 민국이나 지아는 더빙 더이상시키면 안되겠네 더빙이 얼마나 중요한데 이런애들을 시켜 데뷔도 안한 애들을 연예인이 해도 뭐라고하는판에,0
520,그냥 재미가 없어요 ㅠㅠ,0
521,쇼를 해라 쇼,0
522,중심이 약하니 언저리 가지고 무리한 승부수를 띄운다,0
523,주연배우들의 이름만 기억에 남,0
524,그냥 안보는게 이득,0
525,키기 키기 키기 키기 키기,0
526,박얘쁜 빠수니 죄다 OO 없어져버려,0
527,진짜 짜증나는 영화,0
528,불은 잘 보이지도 않고 사람 죽어나갈 때는 엄청난 웅장한 음악만 나오고 전혀 마음에 와 닿지 않는 설정들,0
529,망작,0
530,상당히 재밌게 봤습니다,1
531,내 코끼리 내놔가 더재밌음,1
532,코믹은 코믹으로 봐라 패러디하고 카메오들보는 재미도 있다,1
533,유치짬뽕이네 딱 초등3학년 영화다 초등학교 자녀 있는 가족분께 추천함,0
534,후속 지금이라도 나와라 한국애니 좀 살려보자,1
535,EBS를 통해 봤는데 정말 재밌게 잘 봤어요 요 근래 본 영화 중 최고인듯,1
536,기대않고 봤는데 찰지게 만든 토종느와르네 흥미진진하다,1
537,성인영화를 가족영화로 만드려하는 멍청한 자막제작자가 마음에 안들어서 1점,0
538,일본인 특유의 어색한 연기 여주인공 연기 너무 못해,0
539,전반적으로 무거운 느낌의 영화네요 가비의향과 맛처럼 씁쓸함이 느껴집니다 장윤현 감독님께서 커피 부분에 관해 신경을 쓰시다보니 연출 부분에 있어서 좀 미흡하지 않았나 싶고 배우들 연기력은 괜찮았습니다,1
540,전작보다 100 재밌다 배우 내용 모두 세련됨,1
541,진지하고 무거운 소재를 경쾌하고 재미있게 만들었다,1
542,유럽 작품상 탈만한 유럽에 중요한 얘기 또한 픽션,1
543,풍정정은 어케된거지 ㅋㅋㅋ 과도한 압축으로 개연성없지만 배우들이 호화로워서,1
544,이 영화 구성좋다는 분들 ㅋㅋ 아마 친구랑 같이 영화보고 님들이 영화 좋다고 재밌다하면 같이본 친구들은 이해하지 못할겁니다 ㅋㅋ 진짜 최악 최저 스토리 주인공 행동 개연성없음 캐릭간의 이해관계 최악 ㅋㅋㅋ CIA갘 ㅋㅋ 이렇게 허접하게 표현된 영화 간만이라능,0
545,이젠 그만 보고 싶은 막돼먹은 스토리텔링,0
546,말이 필요 없다 로맨스 싫어하는 내가 봤을때 기절할 것 같았어 ㅜㅜㅜㅜ,1
547,제 취향적 이고 우울한 마음을 완전히 날려버리고 슬픈내용을 본뒤 마음을 정화시켜주네요,1
548,영상미가 역시 최고네요,1
549,끙,0
550,역시 한국영화는 보지말아야돼,0
551,괜찮은 영화,1
552,요즘 재밌음,1
553,소재는 참 좋아서 삼점준다 제작된 영화는 공포도 스릴러도 아닌 본분을 잊은 드라마아닌 드라마 같은 느낌이다 연기 연출은 괜찮았다 다만 시작부터 끝까지 지루할 뿐이다 또 어떤 장면들은 살짝 유치했다,0
554,남자인데 보는내내 울었다 딸 낳으면 잘해줘야지,1
555,안타까울뿐 안타까울뿐,0
556,영웅은 사람들이 원하기 때문에 만들어지는 또다른 희생자다,1
557,그냥 평작 욕까진 안 나오고,0
558,극장가서 안본 내머리를 깨버리고 싶네요 제인생 최고의 영홥니다 키이라 작품 중에서도 최고일듯 알럽키이라 ♡♡,1
559,중고생들의 마마추어 포르노,0
560,비디오 물이냐 동시상영물이냐 넌 정체가 모냐,0
561,이건 말로 설명할 수 없는 유치함이다. 진짜 필름이 아깝다,0
562,이승연의 강렬함이 묻어나는 영화 그러나 홍경인은 너무 불쌍하게 나옴,1
563,드릴브라 에서 뿜었다,0
564,2% 부족한 영화가 아닌 98% 부족한 영화감동이 있다길래 참고 끝까지 다봤는데 진심으로 이렇게 재미없다고 느끼는건 처음,0
565,계몽영화의 한계를 고스란이 답습한다,0
566,우와 정말 오랜만에 통쾌하게 웃었네요 ㅎㅎ 내일이 기대됩니다,1
567,청춘에는 마침표가 없다,1
568,세얼간이 아줌마 나와서 한번 본건데 실망 신선한 반전을 주고 싶었나 본데 개연성도 없구 뭐이런,0
569,좋은 소재에 만족할 연출,1
570,심혜진이 나와서 겨우 저정도라니 실망이다,0
571,아들놈은 끝까지 아빠한테 미안한 감정 없어 ㅠ 소재가 신선했는데 영화 자체는 메시지도 모호하고 스토리가 짜임새 있지 않은 것 같다,0
572,창업을 꿈꾸는가 좋은 아이템이 있어 사업을 하려하는가 그렇다면 기를 쓰고 이 영활 보기바란다 그 멀고 험한 여정에 스승이 될것이요 지침서가 될것이다 혹은 단념에 도움이 될지도 참 오랜만에 박장대소하며 본 독립영활세 ★,1
573,슬픈 액션영화치고는 실망이 크다 부자간의배신과 원망으로 끝나는 것이 너무 허무하다,0
574,EBS 명화에서 이거보고 움 진짜 감동적,1
575,낰였다 티 프리미엄 ㅡㅡ 인간적인 면이 쫌 맘에 들어서 2점줬다 근데 진짜 이선균 정재영 김상중 연기파배우들 불러노코 이딴 쓰레기 영화 찍냐 ㅡㅡ 진짜 영화보는데 계쇠 지루하고 괴로웠다 ㅡㅡ,0
576,너무나 따뜻하고 감동적인 영화,1
577,C급영화도 안되는 일점도 아깝다 네이버는 마이너스 점수도 만들어 달라,0
578,스토리의 부진은 액션의 재미까지 반감시킨다,0
579,누구나 낄수 ㅆ느덕을 영화화함 굿,1
580,시종일관 오락가락 말하고자 하는게 뭔지 모르겠다 감독자기만의 세계에 빠져 만든 것 같은 영화,0
581,왠지 모를 색다른 감동을 주는 영화이다,1
582,전주영화제에서 봤었는데 넘 늦게 개봉한 듯 종교와 업에 대해 한번 더 생각할수있게 만든영화 저예산으로 만들었으나 감독의 노력이 느껴져 큰박수를 보내고 싶다 화이팅,1
583,보는내내 웃었습니다 재밌네요,1
584,1,0
585,사랑에 상처받으면 다시 치유될수 있을까 하는 생각이 드는 영화,1
586,극장가서 본영화중 쓰디쓴 아픔을 처음으로 느끼게해준 퍼스트,0
587,최고 더 무슨 평가가 필요한가 탑,1
588,자신의 삶에 대해 다시 한번 생각하게 하는 영화,1
589,알바놈들 양심도 없냐 멀 보고 십점주는거냐,0
590,90년도로 돌아가게 해준다는 ㅡㅡ,0
591,끼워 맞추기 개쩔던데 반전 하나 보고 와 하는 인간들 이해 불가,0
592,우웩 개랑 무슨짓을 했길래 후세가 태어나 일본놈들 진짜 정신상태 이상하네,0
593,4,0
594,이 영활 보고나면 흐뭇해진다 영화는 한국이 더 잘 만든다는 걸 느끼게 되니까,0
595,지들이 뭔데 대우를 까냐,0
596,재밌고 짠하고 그게 매력입니다,1
597,와 ㅠㅠ 내 머릿 속 지우개 이후에 진짜 슬픈영화였어요 ㅠㅠ 마지막에 눈물폭발 ㅜㅜ 오늘이후에도 또보고싶네요,1
598,월요커플 짱짱 덕분에 아주 재미있게 보고 있습니당,1
599,007 터키특집 액션은 스키추격이 기억에 남고 소피의 소피에 의한 소피를 위한 시리즈 로저무어 시절보다 재미는 조금 떨어진다,1
600 수많은 최루성 멜로는 여기에서 ,1
601 내평생 최고의 걸작 현실 건너편 세계를 잠시 엿본듯한 느낌,1
602,내 인생 최고의 영화,1
603,진짜 추천해요 ^^,1
604,포스터가 사기 너무 현실적이어서 배우들은 심각한데 빵빵 터지는 화성남 금성녀 아 슈발 지는 혼자 내리면서 본전 생각에 담배 피는 남편,1
605,머가 마술이라는거야 나 죽기전에 외계인만나볼수나있을지,0
606,참 재밌는 영화 ㅎㅎ,1
607,빨리좀 끝나라 으이그 처음엔 재밌는 줄 알았는데 이게뭐야 이리 재미없다,0
608,극에 전혀 몰입 안되는 장면 이어붙이기식 단순 진행 연출력이 형편없음,0
609,자막 제작자가 써놨듯이 막장임,0
610,그리 무서운 수도승이 물에 쉽게 떠내려가네,0
611,이게 왜 주온보다 평점이 높은지 이해가 안 간다 이 영화 맨처음 여배우가 물대포쏠때부터 웃겻다 포스터가 더 무섭다 영화상영시간내내 포스터만 보여줘도 충분히 지린다,0
612,진짜 신기하다라는 말밖에 안나와,1
613,좋은 배우들을 데리고 작품의 부족함,0
614,아니 왜 5점대라니 근래에 본 다크 히어로무비 중에서 최고였어요 아주 그냥 고스트라이더에게 걸리면 스치면 사망인거에요,1
615,묵직하게 시작해서 우습게 끝남,0
616,내용 전개가 엉성하고 지루할 정도로 재미가 없슴,0
617,돈뭉치로 싸대기 명장면이다,0
618,2.2고고하자 ㅋㅋㅋ,0
619,쓰레기영화,0
620,너무 일찍 슬픔을 알게된 제제가 안쓰럽다 책으로 읽고도 눈물이 났는데 영화도 마찬가지다 어린 나이의 제제는 슬픔을 너무 일찍 알아버렸다,1
621,정말 비디오마저 돈주고 보고 아깝다 최악,0
622,말그대로 뚝방에서 볼영화,0
623,내 인생 최고의 영화 10년이 다되가는데, 아직도 아련하고 애틋한 기억,1
624,감독 ㅡㅡ 다신 영화찍지마라,0
625,육감적인 섹시한 여인들의 존재 자체가 이 영화의 전부,0
626,영화 첫 도입부 부터 카메라 각도라든지 화질이라든지 겁나 구림 영화 아닌줄 알았음,0
627,진정 좋은 영화란 볼때당시 잼있다 도 있지만 두고두고 기억나고 생각나고 또 한번쯤  보고싶은 이런 영화가 아닐런지요 ㅋㅋ,1
628,박사아들 정시현 정말 멋져요,1
629,1편이 너무좋아서 2편이 너무 묻힌다,0
630,할 말이 없다,0
631,난 별로던데,0
632,이런 영화가 참 좋다,1
633,곳곳에 번뜩이는 아이디어 아기자기한 구성이 돋보이는 수작,1
634,우아 새벽에 보니까 무섭네 ㅠ_ㅠ 미스터리와에로스와 스릴러를 겸비한 영화,1
635,짧지만 정말 재밌게 잘봤어요 윤계상 능청연기 좋구 잘됬으면 하는 생각을 계속 했네요 ㅋㅋ,1
636,에린이 초반에 타던차 현대자동차 프레스토 네요 보면서 추억이 세록세록,1
637,남들이 철학적인 영화라고도 하지만 단순 액션용으로 봐도 이 정도 점수는 나와야된다,1
638,4.444.444.444.444.44,0
639,효과음이 기가막혔던 영화,1
640,솔직히 평점 8점 이상은 되야되는거 같다,1
641,난 강혜정이 일본가서 찍은건가 했네ㅋㅋ 닮은 것 같다는 생각이 들었을 뿐이고,0
642,일본영화 좋아한다면 꼭 봐야할 영화,1
643,진짜 이건 아님 액션영화 좋아해서 액션영화만 다운받아서 꾸준히 본게 벌써 몇년인 사람임 근데 이건 진짴 아무리 점수 잘 줘도 100점 만점에 10점 ㅡㅡ 돈주고 봤는데 너무 아깝다 진짜 ㅜㅜ 그리고 대체 왜 13구역 타이틀을 달고 나왔는지 모르겠음 실망,0
644,가슴이 먹먹하다 뷰욕을 왜 이제서야 알게됐을까,1
645,커스틴 때문에 좋겠다,1
646,보는 내내 찝찝하고 영화가 끝나고 나서도 불쾌했다 중년의 남성이 이렇게까지 추잡해보일 수가 있을까,0
647,진짜 퀵 이유로 이렇게 어이없고 재미없는영화는 처음입니다 진짜 돈 아까운 적은 두번째라,0
648,진짜 재미없다 영화관에 삼십분정도 늦게 들어갔는데 사람이 한명도 없고 그 이유를 왠지알것같네 완전 비추요,0
649,2012년에 본영화인대 솜이랑 키작은 남자 살아서 나감,0
650,ㅋㅋ 조금은 유치했지만 왕조현 주윤발 이것만으로도 충분히 볼만했다,1
651,난 솔직히 재미없었어 코믹요소가 없어서,0
652,싸구려 왜색 영화 키작고 교활한 일본 원숭이들의 망상 사무라이 정신 토나온다,0
653,재미있게봄 감동적이고,1
654,아니 찍어놓고 모니터링 한번 안하나 어떻게 염치 업이 이런걸 극장에 걸수가 있지,0
655,영화산업이라고 하잖는가 이딴식으로 홍보 해놓고 속여서 팔았다는 게 소비자 입장에서는 짜증난다 그나마 다행은 아주 싸구려를 상급품으로 속여판 게 아니라는 점 그래서 1점 차라리 연상호 감독 작품 처럼 홍보가 됐다면 그 비슷하게 만이라도 하지,0
656,완전 감동이다 ㅠㅠ 박신혜 짱이뻐요 ㅎㅎ,1
657,절망속에서 결국 빠져나온 눈물겨운 실화,1
658,국민학교 다닐때 이거 동생이랑 보다가 눈물이 ㅋ,1
659,욕망이라는 이름의 전차,1
660,디 워랑 같은 부류 저예산 저렴한 CG 마구잡이 연출,0
661,무기여 잘있거라는 보는 내내 손에 땀을 쥐고 본 첫번째 애니,1
662,배우들 연기력이 아깝다 별 한 개도 아깝다,0
663,딱 90년대 코미디 영화,0
664,어릴때 진짜 재미있게 봤음 ㅋㅋㅋㅋ,1
665,정말 최고의 영화고 마지막 아이들의 노래와 비행기가 정말 잊을수 없는 여운을 남긴다 이런 영화를 이제 알게 된 것 자체가 후회될 정도로 잔잔하고 깊은 여운이 남는 영화,1
666,보면서 어이 없어서 헛웃음만 나던,0
667,악역인 금단비가 더 주목받았다는 것은 주연여배우들의 미스캐스팅을 의미한다,0
668,General,0
669,보고 나서도 내내 여운이 남는 영화,1
670,절대로 보지마라 보면 후회한다 이걸 영화라고 만든거냐 볼 사람은 뇌를 놓고 보아라,0
671,무슨 내용인지 도통 모르겠다 쓸데없이 특별해 보이려는 시도에만 열중이었던 영화,0
672,기쁨 슬픔 생명 그리고 죽음 인간의 역사속에 거대한 하나님의 우주적 섭리가 느껴지는 영화 특별히 어머니의 역을 맡은 여배우의 여성미와 자애로움이 인상적이다 인생을 살면서 그런 존재가 된다면 영상미 예술이다,1
673,이게 뭔가요 내용도 없고,0
674,평점 어마어마하게 높네 빨리 낮춰야 할듯 5점이 적당한 영화,0
675,이야기도 보통 재미있고 10점 정도는 아니라고 봐요 5점 6점 정도인데 고릴라 제작한거도 잘했긴 했고 하지만 감동은 보통 아쉬운 결말,0
676,솔직히 웬만한 공포영화는 다 섭렵할만큼 매니아인데 주온은 정말 무서웠었다 아직까지도 샤워하면서 머리감을때 공포를 느낀다 누가 나를 쳐다보고 있는 느낌이라서 이 느낌 나말고도 겪어본사람 있을거야 그만큼 당시에 대단했던 영화다,1
677,아름다운 영화였어요,1
678,정말 광해와 비슷한가,1
679,조쉬 하트넷 특유의 여성들을 자극하는 나약한듯하면서도 남성적인 이미지를 작 부각한듯,1
680,정말 속은느낌이다,0
681,몸매 베드신 보기좋다고 한사람은 영화 안본사람,0
682,잘 봤어요 외모뿐만이 아니라 여러가지들을 따지며 사랑에 빠지는것이 아니라 하려고 하는 요즘 사람들에게 좋은 영화인거 같아요,1
683,최악의 쓰레기 어설프려고 정말 노력했다,0
684,콜린파렐 123412341234,1
685,난이게 제일 재밌었는데,1
686,난 좋았는데요 괜찮았어요,1
687,영화보다 댓글이 더 재밌어,0
688,에라이 미친 사이코 드라마야,0
689,모든 일본문화가 들어가 있다고 할 수 있을까 최고의 사극,1
690,엄청나게 기대를 하고 본게 아니라 괜찮았던듯,1
691,더빙이 똥이야,0
692,안타깝네 이해를 못하는사람들 속출 불교적이고 철학적인 작품,1
693,진짜 이런 개 씨 1바ㄹ OOO 같은 영화 개 시간낭비 의미도 없고 무섭지도 않고 내가 왠만하면 공포영화는 즐겨보는데 이건 진짜 OOOO같다,0
694,색다르고 재밌는 영화였음 실제로도 이런 일이 있다면 참 재밌을 것 같음 막장 막장,1
695,어캐봐여 꼬옥 보고싶내여,0
696,정말 식상하다못해 촌스럽기까지,0
697,종교적 분위기 물씬 풍기는 최루성 가족영화,0
698,재밌다,1
699,그냥 살지 그랬어 이성재만 멋짐,0
700,음악영화라 나에겐 취향저격이지만 비긴어게인처럼 대중적으로 흥행하긴 힘들 영화네요 하지만 여주가 너무 매력적이에요 ㅎㅎ,1
701,별 0개 선택 왜 없어요 솔직히 별 반개도 아깝다,0
702,돈에 미친 남편과 아기에 미친 돈 있는 남자 그속에서 갈등 하는 여자 18,0
703,어린이의 시점에서만 볼만하겠지 오로지 어린이의 시점,0
704,잠을 청할 수 있었다,0
705,좋아하는 사람의 뇌가 아니던가 완전 난해함 결말 왕실망임,0
706,전작에 비해서 왠지 허탈하다 카이사르도 전작이 더 멋있는 듯 하고,0
707,김민종 최고 더 잘되시요,1
708,공격적인 재미 유순한 여성성 일기토 지략 삼국지의 그것과 맞짱,1
709,점수를 주고 싶다 2003년에 이정도 밖에 못 만들었다는게 충격,0
710,비디오테잎으로 좍좍 감아가며 봤던 영화 가장 슬펐던 영화,1
711,도입부를 제외하고는 따분 헬기에서 민간인을 마구 쏴 죽이는 미군 베트공 여성 스나이퍼 등 현실감 없는 극단적인 설정 라이언 일병에서의 업햄 그리고 이 영화 주인공인 조커 두 넘 모두 내가 싫어하는 캐릭터 착한척 하면서 주위에 피해를 주는 넘들",0
712,재밌는데 나만 그런가 참고로 우리나라 까거나 하는건 하나도 안나옴 그냥 지들끼리 소설쓰고 지들끼리 자위하고 자위대도 등장하는데 그사람들도 자위나 하고 있음 일본 감정 다 떠나서 과학도로써 과학적으로 볼만한 영화였음 신선함,1
713,제 취향은 아니네요,0
714,평점 조절,0
715,1점도 아까운 쓰레기영화 전작이 아까움,0
716,일편에 비해 삽질하는 브리짓이 쪼끔 짜증날 때도 있었지만 그래도 여전히 사랑스럽다 ㅎ 콜린 퍼스와 휴 그랜트를 한자리에 모아놓은 것 만으로도 10점줘야함,1
717,지금까지 본 아이리스 시리즈 중 최악이다 ㅠㅠ 이거해도 너무 하는거 아닌가 수치스럽다 연기고 자시고 다 떠나 너무도 허접합,0
718,연기력 때문에 할말이 없다 정우성과 고소영이 왜그토록 흥행작이 없는지 알고싶으면 비트에서 연기하는거 봐라,0
719,전라도 노예 업주 처벌 안받았나요 이슈가 안됐네요 그러고 보니,1
720,배우가 아깝다,0
721,볼만 한데,0
722,결말의 의미공자가 자연에 숨어사는 노자에게 말했지 짐승도 끼리끼리 사는데 사람이라고 따로 사냐고 진정 순수함은 더러운 것 사이에서도 그 빛을 유지하는것,1
723,크리스 터커 짱이삼 ㅋㅋ,1
724,믿고보는 덴젤와싱턴 근데 모레쯔는 왜 이렇게 후덕하지,1
725,나오코 진짜 집중 안된다,0
726,감독이 밥은 먹고 다니는지 궁금하다 배틀로얄2 이후로 최고 쓰래기,0
727,아 재미 너무 없네요 시간 아까워요,0
728,난 잼있던데 ㅎㅎ,1
729,어떻게 상류층의 속물근성을 정당화시키면서 미화시킨지 모르겠다 감독이 국회의원이나 사회적 강자한테 아부하고 싶은 가봐요 그리고 얼굴만 예쁘다고 왕되는것은 맞지만 드라마라도 도덕적으로 표현좀 해야되는게 아닌가요 감독님 정신차리세요,0
730,가만히 보고만 있어도 씨익 웃음나는 행복한 가족의 이야기,1
731,사고 후 잠시 정상인이 되었던 일탈,0
732,좋은 영화,1
733,이거 예전에 나온거 같은데 재미네,1
734,샬라샬라 나오다즁자쥬아,0
735,감독의 옹졸함과 치졸함이 묻어나는 영화,0
736,팔빠다 ㅋㅋ,0
737,재미없음 -_-,0
738,무슨 생각으로 만든걸까,0
739,스토리도 흥미롭고 배우들의 연기도 인상적이다 충분히 볼만하다,1
740,내 인생 최고의 미드,1
741,이 영화를 보고 사랑하고 싶다 라는 생각을 했습니다 청소년 관람불가임에도 선정적인 장면은 나오지 않았습니다 연인 혹은 솔로이신 분들에게 추천합니다,1
742,일본공포영화는 링 주온 이후로 망했음,0
743,지루하다 지루해,0
744,625를 직접 겪은 어르신들 얘길 들어보면 그당시 잔인한 학살은 대부분 주민들 서로간에 주로 하층민들의 복수심에서 비롯된 또는 군경이 빨치산 학살한다며 벌인 살인이었지 정작 북한군은 민간인들한테는 잘해줬다고 하던데,1
745,그냥 다큐일뿐,0
746,10점 짜리 영화는 아닌데 개인적으로는 평균 평점 7점 정도의 가치는 한다고 본다 스타일리쉬한 영화  ㅋ,1
747,정말 질질끌고 작가님 제발 좀 적당히 하시죠 은희수역맡은 사람도 그만 나쁘게 만들지 아침드라마가 막장이네,0
748,으이구 괴물 그래픽이나 좀 다듬지 그게 머니 다 티나게 공포영화보다 웃은 건 첨이다,0
749,대표적인 쓰레기 김치드라마,0
750,네이버 별점 꽤 신뢰도가 높네요 5점 이하는 안보는게 좋을듯,0
751,남주 헤어스타일 왜 저래 가게분신노찌쯔,0
752,이런 영화는 두번 봐야지 안다 작은 일에도 크게 화를 만드는 저나라의 국민이 인상깊다,0
753,김명민이 약 구해서 차 탔을 때 진짜 설마설마 했음,0
754,보지말아라 재미있든 재미없든 진짜 찝찝하고 기분 드러운 영화공포영화 싸이코 영화,0
755,짝퉁 쓰래기,0
756,이거 시청률이 너무 낮은대 명작이고만,1
757,현실감 제로지만 배우들이 너무 좋았어요 특히 다니엘헤니를 많이 볼 수 있어 좋았어요 같은 남자지만 게이는 아닙니당 다니엘헤니 최고 설경구 씨두 최고,1
758,프레디가 나에게 모욕감을 줬다 그래도 프레디라서 4점 준다,0
759,잼없네요 넘,0
760,평점이 너무 높군요 원작으로 보심이 나을듯 짧은  러닝타임에 감사하다고 해야하나 주인공이 썰매를 타고 목적지에 가니 모든 사람들의 기억이 돌아온다는 황당한 설정이고 인간의 감정을 통제한다는건 데몰리션맨 이퀄리브리엄에서 봤기 때문에 신선함도 없음,0
761,막장 드라마의 원조격인 영화 근데 이 영화는 확실히 로즈번이 살린듯,1
762,해군 출신이라 관심있게 본 영화,1
763,파란색 슬픔이 영화에,0
764,액션 완전 OOO기 차라리 유오성이 나오는 챔프를 보겠다,0
765,폭풍오열 ㅠㅜㅠ ㅍ퓨ㅠ,1
766,착한영화 그리고 재미없습니다,0
767,사소한 이야기조차 눈을 뗄수 없게 만들던 거장의 솜씨 예전 장이모우 그립다,1
768,내가 본 영화중 베스트 5안에 듬 진짜 꼭 보세요,1
769,지금까지 본 페이크다큐영화중 제일 별로,0
770,재미도 있고 공감도 되는 누구나 즐길수 있는 독립영화 ,1
771,시미즈레이코의 만화책 비밀에서 영향 받은거 아냐 똑같애,0
772,기존 한국 영화에서 느끼지 못한 색다른 느낌상업적이기 보다는 새로움에 도전한듯한,1
773,장난하나 반전 같은거 있을 줄 알고 끝까지 다 봤는데 진짜 아오 시간아까워,0
774,예고편을 왜 하는건지 모르겠음 예고편에 나오는건 하나도 안나오고 예고편은 대판 쌈질 하는것 마냥 나오더니 하하호호 하고 끝남 예고편이 무슨 뜻인지를 모르는건지 시청자들을 호구로 보는건지 낚시질좀 그만하시고 차라리 시청률 걱정되면 폐지해,0
775,난 프랑스 영화가 이래서 좋다,1
776,쓰레기 쓰레기 쓰레기 쓰레기 쓰레기 쓰레기 쓰레기쓰레기,0
777,참 재밌게 봤는데 귀여운 지미 +_+,1
778,시간이 지나서 또 봐도 정말 가슴애린 드라마 ㅠ.ㅠ,1
779,사촌동생들 때문에 같이 보긴했는데 정말 사촌동생들도 재미없다고 하네요,0
780,설득력없는 꼴통페미니즘 페미나치적인 마인드,0
781,B급을 지향하는 C급 작품,0
782,음 잘 모르겠다 뭘 봐야 하는 건지 소녀 가장 이야기인가,0
783,우리와 틀리다고 생각했던 장애인이 우리와 틀리지 않단 것을 알려주었다,1
784,재밌고 감각있고 쿨한 영화였는데 마지막 결말이 약간 아쉽지만,1
785,그냥 재미없네 보던거니까 마저봐야지 이랬는데 갑자기 원주민생활하는건 진짜 어처구니가 없었음 이건 그냥 영화가 아니다,0
786,진짜 언제 90분이 지나갔는지 모를정도로 몰입해서보고 정말 너무 재미있게 봄 너무 아련해서 영화 평 정말 처음 남겨봄 진짜 내가 이 나이에 애니를 보며 이 밤중에 이렇게 울줄이야 에몽아 ㅠㅠ,1
787,사과해요 나한테,1
788,골목상권에 들어온 대형슈퍼마켓이 생각난다,0
789,평점 조절이 필요하다 라는 생각이 든다,0
790,무협 멜로의 걸작 말해 모해,1
791,너무 재미있게 보았는데요 다시 볼수없을까요,1
792,오글거리고 유치하고 완전최악이었음,0
793,절대비추,0
794,한국껀줄 알앗는데 일본꺼엿네 ㅋㅋ,0
795,꽃 한송이 놓고 갑니다 ㅋㅋ,0
796,내 삶의 가장 의미있는 일 중 하나라면 바로 이 영화를 봤다는 것이다 살면서 죽기 전에 한번 꼭 봐야 할 영화,1
797,생각보다 볼만했음ㅋ 여주인공이 연기가 좋네여,1
798,자꾸 뭘 설득할려하고 설교할려고 하는게 보기거북하다. 그리고 결혼반지를 위해 범죄가담하다니 무슨 개역지 설정이냐,0
799,와,0
800,제발 전문성우를 써주세요 ㅠㅠ,0
801,살면서 처음 접해본 장르라서 조금 당황스럽다 솔직히 영화 자체는 100% 자신의 색깔에 충실했고 완성도 역시 뛰어난 편이지만 좋아하지도 이해하지도 못하겠다 ㅋ,0
802,오늘 아이데리고 봤는데 아이는 좋아하데요ㅎㅎ 미취학 초등 어린이에게 추천,1
803,이것을 끝까지 참고 본 내가 제일 자랑스럽습니다,0
804,존내 재밋습네다,1
805,안봐도 되는 영화,0
806,원작 망쳤네요,1
807,그냥 주는거다 5점은 아닌 듯,1
808,나쁘지 않으나 개인적으로는 지루했다는,0
809,어의없는 스토리 여자 죽을때 웃음나옴 로맨스 영화냐,0
810,순수함이 두근거려 좋았다 감독님은 관객들이 뭘원하는지 잘아는듯 여운이 많이 남는다,1
811,기방난동 사건이후 최악의 영화 재밌다는 사람들 믿고 봤더니 다 알바생인듯 ㅜㅜ,0
812,로맨스와 스릴러 짬뽕놔서 뭘 말하고 싶은건지 스토리도 허황된 느낌,0
813,이건좀 아니잖아,0
814,윤아은 안됨 원작자님 캐스팅에 참여해주세요 작품 망치면 안 되잖아요,1
815,지금 생각해도 내가 본 영화중에 이 영화는 내생애 최고의 영화였던 것 같다,1
816,천녀유혼 1 2 에 비하면 뭐라 표현하기 힘든 퀭한 영화,0
817,불륜을 미화한 영화 남은 사람들은 어쩌라고 또 돈걱정 따위 안하는 사람들의 이야기를 공감하라고 강요하는 영화 음악이랑 영상미로 3점,0
818,최고다 walk like a man 이란 노래는 원곡보다 영화속 노래가 훠 얼씬 좋아요,1
819,소재가 굉장히 신선했다,1
820,내사랑 키아누 ♡.♡ 리브스 ♡.♡,1
821,두말할 나위없이 최고의 작품 인생에 대해서 생각해보게 하는 깊이있는 영화전 출연진과 제작진에게 큰박수를 보낸다,1
822,솔직히 산만 하기만 했다,0
823,말이 필요없지 성룡영화에선 무언가를 다른 것을 느낄수 있다,1
824,화학을 해서 그런지 잼잇게 봣습니닼ㅋ 옆에 친구 중간중간 노이해 나중에 해석 ㅠㅠ 잼잇엇숩니다,1
825,아직 준비되지 않는 젊은 영화인들여 함부로 장편에 손대지 마라 천천히 공부하고 나와라,0
826,으엉 간만에 추억 돋아서 봤는데 사실 원작 자체도 두서없이 전개되는데 영화감독은 내용 앞뒤도 없이 막 잘라서 정신없음 ㅇ 배우들은 책읽고 특히 대사 그대로 살린거 오그리오그링 ㅋㅋㅋ 간만에 소설로 읽어야지,0
827,개 쓰레기 같은 것들아 감히 파라노 말엑티비티를 팔아먹냐,0
828,기억은 조작되기 마련 그사람이 아니고서는 함부러 말하지 말자,1
829,재밌게 봤습니다 그저 문헌에 적힌 문란한 사도세자가 아닌 정조의 아버지로서 그 그릇이 어느 정도였는지 잘 보여준 작품이 아니었나 싶네요 시나리오도 시나리오지만 배우들 연기가 일품이었습니다,1
830,휴일 낮에 침대에 누워서 티비보다가 영화채널에서 틀어주길래 어쩔수 없이 봤는데 나중에는 벌떡 앉아서 봤던 영화 완전 몰입되고 나름 스토리도 치밀하고 해리슨 포드다운 액션 좋습니다 저는 영화광도 영화 평론가도 아니고 영화 자주보는 일반 남자 사람임,1
831,절제의 미학이 아니라 지루함의 극치가 되버린 안타갑다,0
832,영화관에서 보기엔 돈아까웠다 솔직히 재미없었다  ㅜㅜ,0
833,인간의 솔직함을 보여 주고 싶었는가 이런 방법 말고도 다른 방법이 충분이 있을텐데,0
834,정말 사랑에 대해 다시 생각한거 같습니다 감동이에요,0
835,내용은 교육적이나 정말 지루해서요 ㅜ,0
836,꿀잼 특히 소유랑 서인영 ㅋㅋㅋㅋ 매력터져,1
837,태어나서 본 영화 중에 제일 재미없었음,0
838,화면을 흑백으로 바꾸기만 하면 50년대 작,0
839,쇼핑몰 안에서만 찍어서 너무 재미없고 답답한 내용도 없다,0
840,진짜 쓰레기 영화 돈아까워 죽는줄 알았다 여러분 보지 마세요,0
841,와아오 두근두근 익스트림자체,1
842,폭력영화 자극적이고 실험적이라고 예술인가,0
843,일본영화랑 비슷한건 저만 느끼는 건가요 수트입으면 미남으루 변하구 마지막에 평생 입으라구 권유받구 창조가 이렇게까지 중복될수 있눈건지 잘 모르겠네여,0
844,진짜 이렇게 재미도 없고 감동도 없는 영화는 처음이네 특히나 박사고 나발이고 모든 인물들이 컴퓨터 할때 손찍는데 키보드 누르지도 않고 ㅋㅋㅋ 컴퓨터 화면들은 똑같은 파트만 무한 반복되고 허접해도 너무 허접하네 배우들 연기도 개떡이고,0
845,최고의 농촌드라마,1
846,독립영화 실력자들의 스타 리그 옴니버스라는 피로감이 극복되는 수준이다 얼음강은 단독 장편으로 만들었어도 좋았을 듯 주인공이 혹여 평소라면 1%도 공감 안되는 여호와의 증인이라도 납득이 될 정도로 감정을 설득하는 솜씨가 탁월하다,1
847,좀비 좀비 그러는데 좀비 아닙니다 우주의 아름다움에 미쳐버린 인간일뿐 충분히 가능한 일이죠,1
848,개 재미없음 막장 스토리 어거지 ㅋㅋ,0
849,뭐하나 흠잡을 것이 없다 최고,1
850,OST가 좋은 영화,1
851,탁재훈 나오믄 재밌는데 와이라지 스토리 중반부터 너무 쳐짐 약해 약해 약해 지겨워뒈지는줄알,0
852,서스펜스도 없고 스릴도 없다,0
853,우리나라 정서하고 안맞다,0
854,어디선가 많이 본 흔한 스토리,0
855,최고의 드라마,1
856,우리 모두는 누군가에게 섬머였다,1
857,힘알이 하나 없는 주인공들 맥이 다 빠진다,0
858,너무 너무 귀여운 영화,1
859,전형적인 일본식 엽기 괴짜 코메디 그 특이함에 끌리는건 왜지,0
860,와 이걸 5점 이상 준 사람들은 뭐지 나루토 극장판 중에 가장 쓰래기,0
861,정당한 노력이란 보상받게 마련이다 나름 일정 성취가 있고 좋은 결실을 거둔 작품,0
862,아씨 울었다,1
863,기적은 이미 일어났다,1
864,아이들과 함께 보기 좋았지만 그냥 그래요,0
865,전율을 느꼈다,1
866,여기저기 지저분한 내용에 이기적인 사람들의 역겨운 연애사 마지막으로 갈수록 시청률 안나오니까 막 갈겨쓴 내용,0
867,별로 완전별로 마지막 빼고 넘 유치하고 재미없고,0
868,세월이 지나서 다시 보니 뭔가 먹먹함이 다르더군요 공감하는 사람이라면 가슴속에 명작으로 남을 듯,1
869,아이들이 보기엔 좋을지도,0
870,보니까 선정성이 좀 15세 같음 그래도 액션은 좋음,1
871,카타르시스를 느끼기에 충분한 값진 영화였다,1
872,여주 린제이 로한 닮았다 전체적인 분위기나 배경은 좋았지만 내용은 지루했다,0
873,당신이 솔로가 아니면 이 영화를 보지마세요,0
874,남이 차안에서 전화통화 하는걸 90분 가까이 구경하고 있으라고 폰부스는 명작이라 생각하지만 이 영화는 진짜 장난하나,0
875,전형적인 저질영화,0
876,답을 알려고 하지마라,1
877,재미 잇음 매우,1
878,진짜 잘 만든 수작,1
879,제발 2좀 찍어주세요 현기증 난단 말이에요,1
880,너무나도 따뜻한 마음이 따뜻해지는 한번쯤 자신을 되돌아보게 만드는 영화,1
881,뭔가 조금씩 부족한 영화 놀래킬려면 확 놀래키던지 어정쩡한 -_-,0
882,이거 참 소재는 참 좋은데 내용 전개가 개판 사람수도 많고 총도 있는데 그걸 지들끼리 서로 다 흩어져서 일방적으로 밀리네 거기다 식인종이라면서 표현을 좀비로 해놓으면 어쩌잔거야 식인으로 인해 인성이 말살되고 짐승화 되었다는 표현이라도 있던가,0
883,포스터만 그럴싸하다 13구역이라는 이름만 가져다 쓴 영화 완전 졸작이다 액션 신도 개허술하고 스토리도 이상하다,0
884,대체 왜 재미없다는거지 난 존나 재밌던데,1
885,늑대들의 여정이 너무 낭만적이었던 애니 스토리도 좋지만 음악은 일본 애니중에 탑으로 뛰어나다,1
886,미국 흑인 민권운동사를 완벽하게 요약했다,1
887,그가 뛰어내리지 않았다면 어떻게 되었을까,1
888,8점대는 나와야지 그냥 단순한 액션공포물이 아닌데도 긴장감 공포감 연출 쩔고 음악도 좋고 몇년이 지나도 기억나는 인상적인 좀비물인데 평점 너무 짜서 10줌,1
889,아역 연기는 좋았으나 내용은 쓰레기,0
890,진짜 재미없다 극장에서 볼거 없어서 걍 스릴러라길래 봤는데 ㅋㅋㅋㅋㅋㅋㅋㅋㅋ 웃음 밖에 안 나온다 혹시나 해서라도 절대 보지마라 진짜 제발,0
891,평점은 믿지마셈 재밌음,1
892,이거 좋다는 놈들은 뭐하는 것들이야 ㅡ.ㅡ,0
893,이게 21c영화냐 90년도 영화냐 쓰래기들아,0
894,ufo를 믿으려는 자들.,0
895,너무 구식으로 웃길려고 함. 보는 내내 지겨움,0
896,이런거 좋아하는 사람들 정신 세계가 궁금하다,0
897,연예계의 현실을 알리고자 하는 마음은 알겠지만 영화의 재미는 없었다 지루해 죽을뻔 했음,0
898,아주 재미있고 책으로봐도 정말재미있다,1
899,끝내주게 재밌다,1
900,유투브 동영상을 돈내고 보는게 낫다는 생각이 들게한 영화,0
901,아쉬운 점도 있지만 스토리에 맞는 분위기나 배경 지하철기관사의 삶 등을 잘 묘사,1
902,스타워즈 1편과 맞아 떨어지도록 잘 만든 영화 최고의 에피소드 다스베이더의 탄생과 루크 레이어의 운명을 알수있는 레전드,1
903,소희가 귀엽다 귀엽다 졸귀,1
904,소문난 잔치 호화 캐스팅에 먹을 건 없다,0
905,주성치 영화 최고의 졸작,0
906,구우우웃,1
907,딱히 흠잡을 것도 두근거릴 것도 없는 교과서적 플레이,0
908,영화의 중심은 역시 스토리인것을 반전의 반전 너무 재미있다,1
909,8.3이 아니라 9.3이 아닌가,1
910,참 재미있었다 연기를 발로 하는 삼류배우들 얼굴보면서 ㅋㅋㅋ,0
911,재밌군1
912,이것도 재밌는데 ㅋㅋ,1
913,1점도 아깝다 평쓰는 것도 귀찮다 보는 내내 오글거려서 손발사라지는 줄 알았다,0
914,기대 안하고 봤는데 영화 보는 내내 몰입해서 재미있게 봤어요,1
915,유쾌함과 스릴러적인 요소가 잘 어울려진 명작 후속작 보다 훨씬 매력있음 두고 두고 간직해두면서 꺼내보고 싶은 영화,1
916,좋네 괜찮고,1
917,명작 너무 좋았던 드라마 스토리 캐스팅 연기 음악 연출 모두 완벽했던,1
918,괜찮은 영화 영화도 괜찮았지만 나영언니 완전머싯고 예뻤음 ㅠㅠ,1
919,일단 재미있다 고래 몇마리로 국가적으로 호들갑떠는게 오버스럽겠지만 그런 모습이 우리는 모두가 도와가며 살아야하는 지구의 생명이란 메세지는 참으로 감동적이다,1
920,지금 첨봤는데 1회만 봐볼까하고 봤다가 주말 밤새완주하였다 여운이 많이 남는 드라마,1
921,애니메이션 뮬란이 아쉽다 전쟁씬도 그렇고 연기도 그렇고 이야기도 그렇고 그저 그래,0
922,기대 않하고 봣는데 진짜 내용도 좋고 재미도 있네요,1
923,좋았다,1
924,슬픈 맑음 파문에 주목하라,1
925,김윤진 좋아하니깐 ♡,1
926,재밌따,1
927,무리수가 되어버린 코미디 기획상품,0
928,나홀로 집에와 더불어 나의 최고의 영화,1
929,나는 떠올랐다 그옛날 국산애니 아마겟돈의 악몽이,0
930,완전 역겨운 쓰레기 영화다 기술적 수준을 떠나 각본이 무개념,0
931,sunday booldy sunday 고결한 신사들께서 무슨 짓을 하셧을까,1
932,캬 개안음 ㅎㅎㅎㅎ,1
933,보는 내내 너무 너무 재미있었음,1
934,김소현 팬됬습니다 너무 재밌음,1
935,삐에로와 흑인남자와 싸웠을때 재미있었다  ㅋㅋㅋ 아 웃겨,1
936,유럽영화가 이번정부에 많이 들어와 즐겁긴하다만 그 내용들이 왜 이리 진부한걸까 유럽영화를 욕되게 하고있단 소리다,0
937,왠만한 허접 영화도 재미있게 보는데 이건 도를 넘어섰다,0
938,어떤 누구도 다른 이의 삶과 죽음에 대해 왈가왈부 할 순 없다,1
939,굿굿굿 또해라 또해라 제발 ㅠㅠ,1
940,주님께서 부르셔서 제가 여기 있나이다,1
941,미성년자가 돈많은 아저씨에게 순결을 바치고 데인후 결국 정신차리고 공부해거 명문대가는 진부한 결말,0
942,정말 재밌게 봤고 빈센트도 꼬마도 연기 너무 잘하네요. ㅎ,1
943,솔직히 원작보다 훨씬낫다 원작 무슨 인간이 말도못하게 설정해 놨어,1
944,말이 필요없음 아 진심 개 재밌다 ㅠㅠ",1
945,보니까 이 양반이 다세포 소녀 감독이네,0
946,굿 잡 친구랑 또 보고 싶네요,1
947,재미 진짜 흥하네 근데 yang 이새끼 관종인가 ㅋㅋㅋ,1
948,야경꾼보다 엉망지루함,0
949,예원찡 그만울어,1
950,근 5년동안 본 모든 영화 통틀어서 최악의 영화 시간이 남아돌때 봐도 시간이 아까운 역대급 쓰레기 영화,0
951,감동이다 참고로 이 영화 보신분들 마지막 엔딩부분에 자막으로 나오는 부분잇죠 이게 영화상에서 실화라는거지 진짜 레알 현재 실제로 실화라는 말이 아니에요 전지현이 피디잔아요 다큐찍는거 그 다큐에서 엔딩장면이지 진짜 실제가 아니에여 쨋든,1
952,달기지 미니어쳐 티 팍팍 나던데 우뢔매 보는줄 알았다 혹시 특수효과 감독이 심형래,0
953,재미 드럽게 없다 ㅋㅋㅋ,0
954,야 세르게이 작은 고추의 매운맛을 보여주마,0
955,정여립과 정철 기축옥사까지 스토리 탄탄해서 좋습니다 배우들도 연기 참 잘하고 남녀주인공들 케미도 좋고 챙겨 볼 수 밖에 없는 드라마 ㅠㅠㅠㅠ",1
956,개 영화네요 내용도 없고 그냥 심심해서 만든 영화가,0
957,두개는 줄려고 했는데 알바가 많아서 아후 볼거없어서 채널 돌려도 다시 다른데로 돌리게 만드는구나,0
958,왜 0점은 줄 수 없나요,0
959,영화사에 남을 작품 실험 영화의 완성본,1
960,자식을 그렇게 때리냐,0
961,이게 대체 무슨 내용이야,0
962,ㅋㅋㅋㅋㅋㅋㅋㅋㅋㅋㅋㅋ 옛다 1점이나 처먹어랔ㅋㅋㅋㅋㅋㅋㅋㅋ 이게 7점급 이건 1점짜리 내용도 결말도 살다 살다 뭐 이딴,0
963,감동적이였고 좋았습니다,1
964,초반에 개 재미 없었는데 볼수록 점점 재밌어짐 외계인이 내가 알던 에일리언에 나오던 외계인이 아니야,1
965,쇼핑백 잊혀지지 않는다,0
966,의도는 좋지만 너무 몰입이 안되는걸 어떡해,0
967,유치하지만 가볍게 볼만함,0
968,화려한 색채 때문에 눈이 아프지만 그 나름대로 화려 연예계 여자 욕망에 대해 표현해냈던거 같다 보는 내내 진짜 리리코 심정가진 연옌들도 있을거같고 나를 한번도 보지 못하고 알지 못하는 사람들이 날 어떻게 사랑하냐 그런 대사 나왔을때 소름돋더라 연예인들은 많은사랑받으면서도 참 허전할듯,1
969,본지 지나도 아직도 생생함 고양이 귀신의 복수가 진짜 무서웠지,1
970,영상이 대학교 졸업작품 같아서 그렇지 꽤나 많은걸 담아놓은 영화임에는 분명하다,1
971,최강 전차부대,0
972,ㅇㅇ,0
973,진짜 어이없는 소재라고 생각하며 보는데 개 웃겨 남자로서는 솔직히 조금은 부러울수도 있는,1
974,tv 전기세가 아까웠다,0
975,초등학교때 선생님이 보여주신 영화 시간이 흘러서 기억나는건 에이즈에 걸렸던 남자아이와 운동화였고 그때 봤던 영화가 뭐였을까 궁금했었는데 그 영화가 바로 굿바이마이프렌드였다 12년전이나 12년후나 명작은 시간이 흘러도 명작이다,1
976,넘 재밌었어요 ㅎㅎㅎ,1
977,설리 94년생인데 93년도 영화에 어떻게 나오져,1
978,샷의 연결이 아닌 충돌만큼이나 거룩한 제목 또한 인상적이구려,1
979,ㅋㅋㅋ 재미없음,0
980,오오 난 여태까지 맷데이먼의 최고의 영화는 본 얼티메이텀 라이언일병구하기 뿐인줄알았음ㅠ 굿윌헌팅도쩐당,1
981,이야기 자체가 흥미를 끌지 못하는군,0
982,날 로그인하게 만들다니 청춘이여 영원하라,1
983,현정 언니 짱이죠 완전 잼잇어요 ㅎ,1
984,영상미 예쁘고 좋지만 러닝타임이 2시간이 넘는데 초반 30분에 줄거리 다 나갔고 엄청 지루한 화보집 보는 기분 일본영화 특유의 그 이해못할 희한함이 있음,0
985,스토리 연결 전혀 안되고 편집해서 끼워맞춘 드라마 말아먹은 작품,0
986,여자 주인공이 예뻐서 끝까지 봤다,0
987,지구를 지켜라 혹 이 작품을 보고 만든 건 아닌지,1
988,저렇게 힘들게 영화를 만드는데 왜 한국영화는 다 쓰레기냐,0
989,케릭터가 살아있었으며 미장센이 훌륭했다 이야기는 몰입도 있었고 불필요한 샷은 존재하지 않았다 노인을 위한나라는 없다 먼저 봤지만 코엔감독 매력적인영화를 만드는 멋있는 사람,1
990,마지막이 좀 황당했지만 좋은 영화,1
991,우연히 tv를 돌려보다가 사로잡혔다 최근 10년간 본 코미디 영화 중 최고,1
992,연기 굿 화이팅해요 누나,1
993,마이클베이 최근작을 볼때마다 느낀다 블록버스터  액션 장르라도 탄탄한 시나리오는 영화의 필수라는것을 그리고 당신이 기대하던 메간폭스는 늙었다,0
994,0점은 없나 1점은 너무 후하네,0
995,미달이는 연예계를 바라보는 태도를 고쳐야 한다,0
996,파괴된 관객들,0
997,알콜중독자들 덕에 평점이 낮은가,1
998,중견배우들이 만들어놓은 긴장감이 나름 긴장감있게 싸워보려했던 도술사들에 의해 헛웃음 나온다,0
999,남자 주인공 늑대 인간으로 변하고 끝나네유 평점 보고 안 볼까 하다가 봤는디 재밌네유 CG보다 이런 실물 특수 효과가 더 보는 재미가 있어유 웃기기까지 하네유 근디 제목 번역은 어느 바보가 한거여 그냥 늑대 인간이 아니잖여,1